Lot URL,Lot/Inv #,Est. Retail value,Sale date,Year,Make,Model,Engine type,Cylinders,VIN,Title code,Odometer,Odometer description,Damage description,Current bid,My bid,Item number,Sale name,Auto grade,Sale light,Announcements
https://www.copart.com/lot/99901915/clean-title-2012-mazda-cx-9-ct-hartford,99901915,0 USD,04/21/2026 03:00 pm GMT+1,2012,MAZD,CX-9,3.7L  6,6,JM3TB3CV7C0******,CERTIFICATE OF TITLE,0 N,NOT ACTUAL,MINOR DENT/SCRATCHES,450 USD,0 USD,2072,CT - HARTFORD,0,N/A,N/A
https://www.copart.com/lot/99835775/salvage-2023-honda-civic-sport-ct-hartford,99835775,"24,062 USD",04/21/2026 03:00 pm GMT+1,2023,HOND,CIVIC,2.0L 4,4,2HGFE2F51PH******,CERT OF TITLE-SALVAGE,"33,340 A",ACTUAL,ROLLOVER,475 USD,0 USD,97,CT - HARTFORD,0,N/A,N/A
https://www.copart.com/lot/99714115/salvage-2013-nissan-rogue-s-ct-hartford,99714115,"7,923 USD",04/21/2026 03:00 pm GMT+1,2013,NISS,ROGUE,2.5L 4,4,JN8AS5MV9DW******,CERT OF TITLE-SALVAGE,0 N,NOT ACTUAL,FRONT END,450 USD,0 USD,2082,CT - HARTFORD,0,N/A,N/A
https://www.copart.com/lot/99570635/salvage-2019-toyota-highlander-hybrid-limited-platinum-ct-hartford,99570635,"30,798 USD",04/21/2026 03:00 pm GMT+1,2019,TOYT,HIGHLANDER HYBRID,3.5L 6,6,5TDDGRFH5KS******,CERT OF TITLE-SALVAGE,"76,376 A",ACTUAL,FRONT END,"1,100 USD",0 USD,2002,CT - HARTFORD,0,N/A,N/A
https://www.copart.com/lot/99347365/2018-ford-edge-sel-ct-hartford,99347365,"10,549 USD",04/21/2026 03:00 pm GMT+1,2018,FORD,EDGE,3.5L  6,6,2FMPK4J80JB******,MV907A-PARTS ONLY,"190,460 A",ACTUAL,SIDE,450 USD,0 USD,2311,CT - HARTFORD,0,N/A,N/A
https://www.copart.com/lot/99262905/salvage-2016-infinity-q50-ct-hartford,99262905,0 USD,04/21/2026 03:00 pm GMT+1,2016,INFI,Q50,3.0L  6,6,JN1EV7AR4GM******,CERTIFICATE OF SALVAGE,"75,963 N",NOT ACTUAL,FRONT END,475 USD,0 USD,2041,CT - HARTFORD,0,N/A,N/A
https://www.copart.com/lot/98899825/salvage-2008-gmc-sierra-k1500-ct-hartford,98899825,"4,932 USD",04/21/2026 03:00 pm GMT+1,2008,GMC,SIERRA,5.3L 8,8,2GTEK19JX81******,CERT OF TITLE-SALVAGE,"213,832 A",ACTUAL,FRONT END,450 USD,0 USD,2321,CT - HARTFORD,0,N/A,N/A
https://www.copart.com/lot/98854495/2006-honda-pilot-ex-ct-hartford,98854495,"4,966 USD",04/21/2026 03:00 pm GMT+1,2006,HOND,PILOT,3.5L  6,6,5FNYF28466B******,PARTS ONLY,"145,824 A",ACTUAL,FRONT END,450 USD,0 USD,110,CT - HARTFORD,0,N/A,N/A
https://www.copart.com/lot/98682795/salvage-2018-ford-focus-s-ct-hartford,98682795,"8,601 USD",04/21/2026 03:00 pm GMT+1,2018,FORD,FOCUS,2.0L  4,4,1FADP3E27JL******,CERT OF TITLE-SALVAGE,"100,698 A",ACTUAL,REAR END,450 USD,0 USD,2309,CT - HARTFORD,0,N/A,N/A
https://www.copart.com/lot/98660165/salvage-2010-jeep-liberty-sport-ct-hartford,98660165,"5,226 USD",04/21/2026 03:00 pm GMT+1,2010,JEP,LIBERTY,3.7L  6,6,1J4PN2GK9AW******,MV-907A SALVAGE CERTIFICATE,"150,734 A",ACTUAL,REAR END,450 USD,0 USD,2285,CT - HARTFORD,0,N/A,N/A
https://www.copart.com/lot/98573485/clean-title-2024-zhejiang-other-ct-hartford,98573485,"1,212 USD",04/21/2026 03:00 pm GMT+1,2024,OTHE,OTHER,,,LLPVGBAA8R1******,BILL OF SALE,"2,757 A",ACTUAL,FRONT END,10 USD,0 USD,601,CT - HARTFORD,0,N/A,N/A
https://www.copart.com/lot/98362885/salvage-2015-jeep-grand-cherokee-limited-ct-hartford,98362885,"9,024 USD",04/21/2026 03:00 pm GMT+1,2015,JEP,GRAND CHEROKEE,3.6L 6,6,1C4RJFBG3FC******,CERT OF TITLE-SALVAGE,"150,406 A",ACTUAL,ROLLOVER,475 USD,0 USD,2078,CT - HARTFORD,0,N/A,N/A
https://www.copart.com/lot/97970165/salvage-2011-ford-f150-super-cab-ct-hartford,97970165,"8,783 USD",04/21/2026 03:00 pm GMT+1,2011,FORD,F150,3.5L  6,6,1FTFX1ET9BF******,CERT OF TITLE-SALVAGE,"173,661 A",ACTUAL,FRONT END,475 USD,0 USD,116,CT - HARTFORD,0,N/A,N/A
https://www.copart.com/lot/97889165/clean-title-2015-jeep-cherokee-limited-ct-hartford,97889165,0 USD,04/21/2026 03:00 pm GMT+1,2015,JEP,CHEROKEE,2.4L  4,4,1C4PJMDB9FW******,CERTIFICATE OF TITLE,"205,254 A",ACTUAL,FRONT END,0 USD,0 USD,2080,CT - HARTFORD,0,N/A,N/A
https://www.copart.com/lot/97758615/clean-title-2003-ford-f250-super-duty-ct-hartford,97758615,0 USD,04/21/2026 03:00 pm GMT+1,2003,FORD,F250,5.4L  8,8,1FTNX21L73E******,CERTIFICATE OF TITLE,0 E,EXEMPT,MECHANICAL,0 USD,0 USD,824,CT - HARTFORD,0,N/A,N/A
https://www.copart.com/lot/97607465/salvage-2019-honda-accord-ex-ct-hartford,97607465,"21,279 USD",04/21/2026 03:00 pm GMT+1,2019,HOND,ACCORD,1.5L  4,4,1HGCV1F46KA******,CERT OF TITLE-SALVAGE,"52,548 A",ACTUAL,FRONT END,475 USD,0 USD,2060,CT - HARTFORD,0,N/A,N/A
https://www.copart.com/lot/97395075/salvage-2024-hyundai-tucson-sel-ct-hartford,97395075,"25,510 USD",04/21/2026 03:00 pm GMT+1,2024,HYUN,TUCSON,2.5L  4,4,5NMJBCDE7RH******,CERT OF TITLE-SALVAGE,"16,945 A",ACTUAL,FRONT END,"4,050 USD",0 USD,18,CT - HARTFORD,0,N/A,N/A
https://www.copart.com/lot/97181715/salvage-2017-lexus-rx-350-base-ct-hartford,97181715,"25,232 USD",04/21/2026 03:00 pm GMT+1,2017,LEXS,RX,3.5L  6,6,2T2BZMCA2HC******,CERT OF TITLE-SALVAGE,"86,248 A",ACTUAL,FRONT END,"5,900 USD",0 USD,127,CT - HARTFORD,0,N/A,N/A
https://www.copart.com/lot/96446555/salvage-2019-niss-sentra-sv-ct-hartford,96446555,"9,235 USD",04/21/2026 03:00 pm GMT+1,2019,NISS,SENTRA,1.8L 4,4,3N1AB7AP4KY******,MV-907A SALVAGE CERTIFICATE,"98,411 A",ACTUAL,FRONT END,475 USD,0 USD,16,CT - HARTFORD,0,N/A,N/A
https://www.copart.com/lot/96403015/salvage-2021-mercedes-benz-glb-250-4matic-ct-hartford,96403015,"24,662 USD",04/21/2026 03:00 pm GMT+1,2021,MERZ,GLB,2.0L 4,4,W1N4M4HB8MW******,CERT OF TITLE-SALVAGE,"61,137 A",ACTUAL,FRONT END,475 USD,0 USD,2005,CT - HARTFORD,0,N/A,N/A
https://www.copart.com/lot/96365155/salvage-2024-hyundai-elantra-sel-ct-hartford,96365155,"19,099 USD",04/21/2026 03:00 pm GMT+1,2024,HYUN,ELANTRA,2.0L  4,4,KMHLS4DG5RU******,CERT OF TITLE-SALVAGE,"35,913 A",ACTUAL,FRONT END,525 USD,0 USD,192,CT - HARTFORD,0,N/A,N/A
https://www.copart.com/lot/96258565/salvage-2021-volkswagen-tiguan-s-ct-hartford,96258565,"16,643 USD",04/21/2026 03:00 pm GMT+1,2021,VOLK,TIGUAN,2.0L  4,4,3VV0B7AX4MM******,CERT OF TITLE-SALVAGE,"79,425 A",ACTUAL,REAR END,"1,700 USD",0 USD,7,CT - HARTFORD,0,N/A,N/A
https://www.copart.com/lot/95650195/salvage-2017-kia-sportage-lx-ct-hartford,95650195,"8,612 USD",04/21/2026 03:00 pm GMT+1,2017,KIA,SPORTAGE,2.4L  4,4,KNDPMCAC8H7******,CERT OF TITLE-SALVAGE,"104,902 A",ACTUAL,ALL OVER,500 USD,0 USD,2022,CT - HARTFORD,0,N/A,N/A
https://www.copart.com/lot/95434455/salvage-2009-honda-cr-v-ex-ct-hartford,95434455,"8,421 USD",04/21/2026 03:00 pm GMT+1,2009,HOND,CR-V,2.4L  4,4,5J6RE48539L******,CERT OF TITLE-SALVAGE,"133,905 A",ACTUAL,FRONT END,"1,600 USD",0 USD,171,CT - HARTFORD,0,N/A,N/A
https://www.copart.com/lot/95294645/salvage-2021-volkswagen-tiguan-se-ct-hartford,95294645,"19,215 USD",04/21/2026 03:00 pm GMT+1,2021,VOLK,TIGUAN,2.0L 4,4,3VV2B7AX7MM******,CERT OF TITLE-SALVAGE,"66,764 A",ACTUAL,FRONT END,"1,250 USD",0 USD,148,CT - HARTFORD,0,N/A,N/A
https://www.copart.com/lot/94230935/salvage-2019-bmw-x3-xdrive30i-ct-hartford,94230935,"23,329 USD",04/21/2026 03:00 pm GMT+1,2019,BMW,X3,2.0L 4,4,5UXTR9C56KL******,CERT OF TITLE-SALVAGE,0 N,NOT ACTUAL,FRONT END,"1,350 USD",0 USD,105,CT - HARTFORD,0,N/A,N/A
https://www.copart.com/lot/94064125/salvage-2021-toyota-rav4-le-ct-hartford,94064125,"21,870 USD",04/21/2026 03:00 pm GMT+1,2021,TOYT,RAV4,2.5L  4,4,2T3G1RFV6MC******,CERT OF TITLE-SALVAGE,0 N,NOT ACTUAL,SIDE,475 USD,0 USD,2035,CT - HARTFORD,0,N/A,N/A
https://www.copart.com/lot/93967125/clean-title-2014-gmc-terrain-denali-ct-hartford,93967125,"7,000 USD",04/21/2026 03:00 pm GMT+1,2014,GMC,TERRAIN,2.4L  4,4,2GKALUEK4E6******,CERTIFICATE OF TITLE (P),"152,772 A",ACTUAL,MINOR DENT/SCRATCHES,0 USD,0 USD,2075,CT - HARTFORD,0,N/A,N/A
https://www.copart.com/lot/93834505/salvage-2007-toyota-4runner-sr5-ct-hartford,93834505,"6,700 USD",04/21/2026 03:00 pm GMT+1,2007,TOYT,4RUNNER,4.0L  6,6,JTEBU14R478******,CERT OF TITLE-SALVAGE,"218,407 A",ACTUAL,FRONT END,475 USD,0 USD,2254,CT - HARTFORD,0,N/A,N/A
https://www.copart.com/lot/93781455/clean-title-2015-dodge-grand-caravan-se-ct-hartford,93781455,"7,460 USD",04/21/2026 03:00 pm GMT+1,2015,DODG,GRAND CARAVAN,3.6L  6,6,2C4RDGBG9FR******,CERTIFICATE OF TITLE,"173,764 A",ACTUAL,FRONT END,0 USD,0 USD,2034,CT - HARTFORD,0,N/A,N/A
https://www.copart.com/lot/93690955/salvage-2012-chevrolet-malibu-ls-ct-hartford,93690955,"6,215 USD",04/21/2026 03:00 pm GMT+1,2012,CHEV,MALIBU,2.4L  4,4,1G1ZB5E02CF******,CERT OF TITLE-SALVAGE,"132,847 A",ACTUAL,FRONT END,450 USD,0 USD,189,CT - HARTFORD,0,N/A,N/A
https://www.copart.com/lot/93679555/salvage-2019-niss-rogue-sv-ct-hartford,93679555,"14,231 USD",04/21/2026 03:00 pm GMT+1,2019,NISS,ROGUE,2.5L 4,4,5N1AT2MV0KC******,CERT OF TITLE-SALVAGE,"82,159 A",ACTUAL,FRONT END,"1,350 USD",0 USD,190,CT - HARTFORD,0,N/A,N/A
https://www.copart.com/lot/93643225/salvage-2015-bmw-x5-xdrive50i-ct-hartford,93643225,"10,148 USD",04/21/2026 03:00 pm GMT+1,2015,BMW,X5,4.4L 8,8,5UXKR6C56F0******,CERT OF TITLE-SALVAGE,"131,566 A",ACTUAL,SIDE,"2,100 USD",0 USD,47,CT - HARTFORD,0,N/A,N/A
https://www.copart.com/lot/93618005/salvage-2021-infiniti-q50-luxe-ct-hartford,93618005,"24,085 USD",04/21/2026 03:00 pm GMT+1,2021,INFI,Q50,3.0L  6,6,JN1EV7BR8MM******,CERT OF TITLE-SALVAGE,"46,125 A",ACTUAL,FRONT END,"1,750 USD",0 USD,2503,CT - HARTFORD,0,N/A,N/A
https://www.copart.com/lot/93500715/salvage-2020-dodge-challenger-rt-ct-hartford,93500715,"26,023 USD",04/21/2026 03:00 pm GMT+1,2020,DODG,CHALLENGER,5.7L  8,8,2C3CDZBT7LH******,CERT OF TITLE - SALVAGE,"47,934 A",ACTUAL,SIDE,"3,450 USD",0 USD,130,CT - HARTFORD,0,N/A,N/A
https://www.copart.com/lot/93468835/2023-hyundai-elantra-se-ct-hartford,93468835,"16,869 USD",04/21/2026 03:00 pm GMT+1,2023,HYUN,ELANTRA,2.0L  4,4,KMHLL4AG2PU******,PARTS ONLY,0 N,NOT ACTUAL,FRONT END,700 USD,0 USD,2046,CT - HARTFORD,0,N/A,N/A
https://www.copart.com/lot/93294745/salvage-2011-lexus-rx-450h-base-ct-hartford,93294745,"13,338 USD",04/21/2026 03:00 pm GMT+1,2011,LEXS,RX 450H,3.5L  6,6,JTJBC1BA1B2******,CERT OF TITLE-SALVAGE,"101,606 A",ACTUAL,REAR END,"2,000 USD",0 USD,172,CT - HARTFORD,0,N/A,N/A
https://www.copart.com/lot/93099365/salvage-2024-hyundai-ioniq-5-limited-ct-hartford,93099365,"39,672 USD",04/21/2026 03:00 pm GMT+1,2024,HYUN,IONIQ 5,0.0L 0,0,KM8KRDDF8RU******,CERT OF TITLE-SALVAGE,"11,054 A",ACTUAL,SIDE,"9,100 USD",0 USD,183,CT - HARTFORD,0,N/A,N/A
https://www.copart.com/lot/92846225/clean-title-2014-ic-corporation-3000-re-ct-hartford,92846225,"25,845 USD",04/21/2026 03:00 pm GMT+1,2014,ICRP,3000,7.6L  6,6,4DRBWAAN7EB******,CERTIFICATE OF TITLE,"83,902 A",ACTUAL,NORMAL WEAR,0 USD,0 USD,851,CT - HARTFORD,0,N/A,N/A
https://www.copart.com/lot/92451625/salvage-2024-honda-civic-sport-ct-hartford,92451625,"23,761 USD",04/21/2026 03:00 pm GMT+1,2024,HOND,CIVIC,2.0L  4,4,19XFL2H88RE******,CERT OF TITLE-SALVAGE,"60,865 A",ACTUAL,FRONT END,"1,550 USD",0 USD,28,CT - HARTFORD,0,N/A,N/A
https://www.copart.com/lot/92095045/salvage-2020-mazda-3-ct-hartford,92095045,"18,980 USD",04/21/2026 03:00 pm GMT+1,2020,MAZD,3,2.5L  4,4,JM1BPALM3L1******,CERT OF TITLE-SALVAGE,"18,162 A",ACTUAL,FRONT END,475 USD,0 USD,89,CT - HARTFORD,0,N/A,N/A
https://www.copart.com/lot/91325355/2012-jeep-grand-cherokee-ct-hartford,91325355,"6,025 USD",04/21/2026 03:00 pm GMT+1,2012,JEEP,GRAND CHEROKEE,3.6L 6,6,1C4RJFAG3CC******,CERT OF TITLE-PARTS ONLY SALVA,"161,791 A",ACTUAL,FRONT END,450 USD,0 USD,2303,CT - HARTFORD,0,N/A,N/A
https://www.copart.com/lot/91139415/salvage-2023-subaru-forester-wilderness-ct-hartford,91139415,"29,227 USD",04/21/2026 03:00 pm GMT+1,2023,SUBA,FORESTER,2.5L  4,4,JF2SKAMC6PH******,CERT OF TITLE-SALVAGE,"52,612 A",ACTUAL,WATER/FLOOD,"4,200 USD",0 USD,2064,CT - HARTFORD,0,N/A,N/A
https://www.copart.com/lot/91051505/salvage-2000-acura-3-2tl-ct-hartford,91051505,"2,556 USD",04/21/2026 03:00 pm GMT+1,2000,ACUR,3.2TL,3.2L 6,6,19UUA5676YA******,SALVAGE - BILL OF SALE,0 E,EXEMPT,REAR END,450 USD,0 USD,2051,CT - HARTFORD,0,N/A,N/A
https://www.copart.com/lot/90792905/2022-bmw-motorrad-m240xi-ct-hartford,90792905,"45,200 USD",04/21/2026 03:00 pm GMT+1,2022,BMW,M240XI,3.0L 6,6,3MW53CM02N8******,CERT OF TITLE-PARTS ONLY SALVA,"24,421 A",ACTUAL,FRONT END,"4,700 USD",0 USD,2506,CT - HARTFORD,0,N/A,N/A
https://www.copart.com/lot/89674235/salvage-2025-hyundai-santa-fe-sel-ct-hartford,89674235,"36,227 USD",04/21/2026 03:00 pm GMT+1,2025,HYUN,SANTA FE,2.5L 4,4,5NMP2DGL1SH******,CERT OF TITLE-SALVAGE,"3,755 A",ACTUAL,REAR END,900 USD,0 USD,107,CT - HARTFORD,0,N/A,N/A
https://www.copart.com/lot/89554525/clean-title-2013-ic-corporation-ce-series-school-school-bus-ct-hartford,89554525,"24,978 USD",04/21/2026 03:00 pm GMT+1,2013,ICRP,CE SERIES SCHOOL,6.4L  8,8,4DRBUSKP5DB******,CERTIFICATE OF TITLE,"156,010 A",ACTUAL,NORMAL WEAR,0 USD,0 USD,852,CT - HARTFORD,0,N/A,N/A
https://www.copart.com/lot/87363395/clean-title-2020-land-rover-discovery-se-ct-hartford,87363395,0 USD,04/21/2026 03:00 pm GMT+1,2020,LAND,DISCOVERY,3.0L  6,6,SALRG2RV7L2******,CERTIFICATE OF TITLE,"76,159 A",ACTUAL,MINOR DENT/SCRATCHES,450 USD,0 USD,2097,CT - HARTFORD,0,N/A,N/A
https://www.copart.com/lot/85077475/salvage-2017-volkswagen-jetta-s-ct-hartford,85077475,"9,958 USD",04/21/2026 03:00 pm GMT+1,2017,VOLK,JETTA,1.4L  4,4,3VW2B7AJ6HM******,CERT OF TITLE-SALVAGE,"90,173 A",ACTUAL,FRAME DAMAGE,"1,150 USD",0 USD,2314,CT - HARTFORD,0,N/A,N/A
https://www.copart.com/lot/84457045/clean-title-2012-hyundai-veracruz-limited-ct-hartford,84457045,"6,500 USD",04/21/2026 03:00 pm GMT+1,2012,HYUN,VERACRUZ,3.8L 6,6,KM8NUDCC1CU******,CERTIFICATE OF TITLE,"218,499 A",ACTUAL,MECHANICAL,675 USD,0 USD,13,CT - HARTFORD,0,N/A,N/A
https://www.copart.com/lot/80516655/salvage-2016-tesla-model-x-ct-hartford,80516655,"13,371 USD",04/21/2026 03:00 pm GMT+1,2016,TESL,MODEL X,, ,5YJXCBE21GF******,CERT OF TITLE-SALVAGE,"195,618 A",ACTUAL,FRONT END,450 USD,0 USD,2044,CT - HARTFORD,0,N/A,N/A
https://www.copart.com/lot/80324805/salvage-2020-hyundai-elantra-se-ct-hartford,80324805,"13,182 USD",04/21/2026 03:00 pm GMT+1,2020,HYUN,ELANTRA,2.0L  4,4,5NPD74LF3LH******,CERT OF TITLE-SALVAGE,"58,858 A",ACTUAL,VANDALISM,475 USD,0 USD,2055,CT - HARTFORD,0,N/A,N/A
https://www.copart.com/lot/79977925/salvage-2017-nissan-titan-sl-ct-hartford,79977925,"18,334 USD",04/21/2026 03:00 pm GMT+1,2017,NISS,TITAN,5.6L 8,8,1N6AA1E57HN******,CERT OF TITLE-SALVAGE,"142,431 A",ACTUAL,FRONT END,475 USD,0 USD,2077,CT - HARTFORD,0,N/A,N/A
https://www.copart.com/lot/79977765/salvage-2023-ram-1500-laramie-ct-hartford,79977765,"44,318 USD",04/21/2026 03:00 pm GMT+1,2023,RAM,1500,5.7L 8,8,1C6SRFJT2PN******,CERT OF TITLE-SALVAGE,"30,702 A",ACTUAL,SIDE,"7,900 USD",0 USD,86,CT - HARTFORD,0,N/A,N/A
https://www.copart.com/lot/79973035/salvage-2024-gmc-terrain-slt-ct-hartford,79973035,"20,930 USD",04/21/2026 03:00 pm GMT+1,2024,GMC,TERRAIN,1.5L 4,4,3GKALVEG3RL******,CERT OF TITLE-SALVAGE,"67,675 A",ACTUAL,SIDE,"3,500 USD",0 USD,175,CT - HARTFORD,0,N/A,N/A
https://www.copart.com/lot/79783855/clean-title-2011-hyundai-tucson-limited-ct-hartford,79783855,0 USD,04/21/2026 03:00 pm GMT+1,2011,HYUN,TUCSON,2.4L 4,4,KM8JU3AC6BU******,CERTIFICATE OF TITLE,"92,780 A",ACTUAL,REAR END,"1,400 USD",0 USD,2257,CT - HARTFORD,0,N/A,N/A
https://www.copart.com/lot/79783545/salvage-2012-nissan-murano-s-ct-hartford,79783545,"6,549 USD",04/21/2026 03:00 pm GMT+1,2012,NISS,MURANO,3.5L 6,6,JN8AZ1MW1CW******,CERT OF TITLE-SALVAGE,"96,778 A",ACTUAL,FRONT END,450 USD,0 USD,2269,CT - HARTFORD,0,N/A,N/A
https://www.copart.com/lot/79768255/clean-title-2015-mercedes-benz-ml-250-bluetec-ct-hartford,79768255,0 USD,04/21/2026 03:00 pm GMT+1,2015,MERZ,ML,2.1L 4,4,4JGDA0EB0FA******,CERT OF TITLE (P),"165,654 A",ACTUAL,MINOR DENT/SCRATCHES,0 USD,0 USD,2306,CT - HARTFORD,0,N/A,N/A
https://www.copart.com/lot/79753595/2000-ford-ranger-super-cab-ct-hartford,79753595,"2,628 USD",04/21/2026 03:00 pm GMT+1,2000,FORD,RANGER,4.0L 6,6,1FTZR15X6YT******,BILL OF SALE - PARTS ONLY,"261,967 A",ACTUAL,BURN - ENGINE,450 USD,0 USD,2025,CT - HARTFORD,0,N/A,N/A
https://www.copart.com/lot/79731065/salvage-2023-bmw-x3-xdrive30i-ct-hartford,79731065,"39,839 USD",04/21/2026 03:00 pm GMT+1,2023,BMW,X3,2.0L 4,4,5UX53DP03P9******,CERT OF TITLE-SALVAGE,0 N,NOT ACTUAL,FRONT END,"4,100 USD",0 USD,2098,CT - HARTFORD,0,N/A,N/A
https://www.copart.com/lot/79681765/salvage-2021-bmw-motorrad-330xi-ct-hartford,79681765,"14,033 USD",04/21/2026 03:00 pm GMT+1,2021,BMW,330XI,2.0L 4,4,3MW5R7J0XM8******,CERT OF TITLE-SALVAGE,"184,769 N",NOT ACTUAL,SIDE,925 USD,0 USD,2520,CT - HARTFORD,0,N/A,N/A
https://www.copart.com/lot/79635995/salvage-2020-toyota-corolla-ct-hartford,79635995,"15,030 USD",04/21/2026 03:00 pm GMT+1,2020,TOYT,COROLLA,1.8L 4,4,JTDEPRAE9LJ******,CERT OF TITLE-SALVAGE,"79,734 A",ACTUAL,BURN - ENGINE,"3,150 USD",0 USD,2069,CT - HARTFORD,0,N/A,N/A
https://www.copart.com/lot/79595395/salvage-2011-hyundai-sonata-gls-ct-hartford,79595395,0 USD,04/21/2026 03:00 pm GMT+1,2011,HYUN,SONATA,2.4L 4,4,5NPEB4AC9BH******,CERT OF TITLE-SALVAGE,0 N,NOT ACTUAL,FRONT END,450 USD,0 USD,2094,CT - HARTFORD,0,N/A,N/A
https://www.copart.com/lot/79594625/salvage-2025-toyota-camry-xle-ct-hartford,79594625,"31,589 USD",04/21/2026 03:00 pm GMT+1,2025,TOYT,CAMRY,2.5L 4,4,4T1DBADK8SU******,CERT OF TITLE-SALVAGE,"47,606 A",ACTUAL,FRONT END,"3,600 USD",0 USD,2017,CT - HARTFORD,0,N/A,N/A
https://www.copart.com/lot/79589355/salvage-2015-ford-explorer-police-interceptor-ct-hartford,79589355,"6,757 USD",04/21/2026 03:00 pm GMT+1,2015,FORD,EXPLORER,3.7L 6,6,1FM5K8AR9FG******,CERT OF TITLE-SALVAGE,"176,636 A",ACTUAL,FRONT END,450 USD,0 USD,138,CT - HARTFORD,0,N/A,N/A
https://www.copart.com/lot/79471955/salvage-2023-mercedes-benz-eqe-sedan-53-4matic+-ct-hartford,79471955,"51,927 USD",04/21/2026 03:00 pm GMT+1,2023,MERZ,EQE SEDAN,,,W1KEG5DB4PF******,CERT OF TITLE-SALVAGE,0 N,NOT ACTUAL,FRONT END,"11,400 USD",0 USD,2091,CT - HARTFORD,0,N/A,N/A
https://www.copart.com/lot/79409895/salvage-2017-toyota-rav4-le-ct-hartford,79409895,"19,274 USD",04/21/2026 03:00 pm GMT+1,2017,TOYT,RAV4,2.5L 4,4,2T3BFREV0HW******,CERT OF TITLE-SALVAGE,"42,468 A",ACTUAL,FRONT END,475 USD,0 USD,123,CT - HARTFORD,0,N/A,N/A
https://www.copart.com/lot/79405345/salvage-2012-volkswagen-jetta-tdi-ct-hartford,79405345,"4,454 USD",04/21/2026 03:00 pm GMT+1,2012,VOLK,JETTA,2.0L 4,4,3VWLL7AJ9CM******,CERT OF TITLE-SALVAGE,"206,090 A",ACTUAL,FRONT END,450 USD,0 USD,129,CT - HARTFORD,0,N/A,N/A
https://www.copart.com/lot/79121045/salvage-2024-jian-other-ct-hartford,79121045,"1,093 USD",04/21/2026 03:00 pm GMT+1,2024,OTHE,OTHER,0.049000L 1,1,LJ7TCA2F8RZ******,SALVAGE CERTIFICATE OF ORIGIN,152 A,ACTUAL,REAR END,450 USD,0 USD,2052,CT - HARTFORD,0,N/A,N/A
https://www.copart.com/lot/79093045/2006-gmc-new-sierra-k3500-ct-hartford,79093045,0 USD,04/21/2026 03:00 pm GMT+1,2006,GMC,NEW SIERRA,6.0L 8,8,1GTHK39U76E******,CERT OF TITLE-PARTS ONLY SALVA,0 E,EXEMPT,SIDE,0 USD,0 USD,2287,CT - HARTFORD,0,N/A,N/A
https://www.copart.com/lot/79077375/salvage-2009-toyota-prius-base-ct-hartford,79077375,"4,614 USD",04/21/2026 03:00 pm GMT+1,2009,TOYT,PRIUS,1.5L 4,4,JTDKB20U897******,CERT OF TITLE-SALVAGE,"173,929 A",ACTUAL,FRONT END,450 USD,0 USD,23,CT - HARTFORD,0,N/A,N/A
https://www.copart.com/lot/78818025/salvage-2002-bmw-325-ci-ct-hartford,78818025,"3,600 USD",04/21/2026 03:00 pm GMT+1,2002,BMW,325,2.5L 6,6,WBABS33482P******,CERT OF TITLE-SALVAGE,"168,948 A",ACTUAL,FRONT END,450 USD,0 USD,142,CT - HARTFORD,0,N/A,N/A
https://www.copart.com/lot/78544715/salvage-2017-toyota-corolla-le-eco-ct-hartford,78544715,"12,757 USD",04/21/2026 03:00 pm GMT+1,2017,TOYT,COROLLA,1.8L  4,4,5YFBPRHE4HP******,CERT OF TITLE-SALVAGE,"68,516 A",ACTUAL,ROLLOVER,475 USD,0 USD,2510,CT - HARTFORD,0,N/A,N/A
https://www.copart.com/lot/78489265/salvage-2017-ford-transit-wagon-t-350-ct-hartford,78489265,"24,861 USD",04/21/2026 03:00 pm GMT+1,2017,FORD,TRANSIT,3.7L 6,6,1FBZX2ZM7HK******,CERT OF TITLE-SALVAGE,"75,278 A",ACTUAL,SIDE,"3,200 USD",0 USD,96,CT - HARTFORD,0,N/A,N/A
https://www.copart.com/lot/78399085/salvage-2005-niss-sentra-1-8-ct-hartford,78399085,"2,476 USD",04/21/2026 03:00 pm GMT+1,2005,NISS,SENTRA,1.8L  4,4,3N1CB51D05L******,CERT OF TITLE-SALVAGE,"218,316 A",ACTUAL,FRONT END,450 USD,0 USD,33,CT - HARTFORD,0,N/A,N/A
https://www.copart.com/lot/78357895/2011-subaru-outback-2-5i-limited-ct-hartford,78357895,"4,313 USD",04/21/2026 03:00 pm GMT+1,2011,SUBA,OUTBACK,2.5L 4,4,4S4BRBKC5B3******,CERT OF TITLE-PARTS ONLY SALVA,0 N,NOT ACTUAL,BURN - ENGINE,450 USD,0 USD,2056,CT - HARTFORD,0,N/A,N/A
https://www.copart.com/lot/78258705/salvage-2024-subaru-forester-wilderness-ct-hartford,78258705,"32,153 USD",04/21/2026 03:00 pm GMT+1,2024,SUBA,FORESTER,2.5L 4,4,JF2SKAJC6RH******,CERT OF TITLE-SALVAGE,"36,866 A",ACTUAL,REAR END,475 USD,0 USD,166,CT - HARTFORD,0,N/A,N/A
https://www.copart.com/lot/78235065/salvage-2023-nissan-sentra-sr-ct-hartford,78235065,"18,335 USD",04/21/2026 03:00 pm GMT+1,2023,NISS,SENTRA,2.0L  4,4,3N1AB8DV0PY******,CERT OF TITLE-SALVAGE,"37,566 A",ACTUAL,FRONT END,875 USD,0 USD,2502,CT - HARTFORD,0,N/A,N/A
https://www.copart.com/lot/77515835/salvage-2015-chevrolet-malibu-1lt-ct-hartford,77515835,"3,450 USD",04/21/2026 03:00 pm GMT+1,2015,CHEV,MALIBU,2.5L 4,4,1G11C5SL5FF******,CERT OF TITLE-SALVAGE,"194,519 A",ACTUAL,SIDE,475 USD,0 USD,2299,CT - HARTFORD,0,N/A,N/A
https://www.copart.com/lot/77427095/2018-toyota-rav4-hybrid-xle-ct-hartford,77427095,"19,098 USD",04/21/2026 03:00 pm GMT+1,2018,TOYT,RAV4 HYBRID,2.5L 4,4,JTMRJREV9JD******,CERT OF TITLE-PARTS ONLY SALVA,0 N,NOT ACTUAL,ROLLOVER,450 USD,0 USD,2007,CT - HARTFORD,0,N/A,N/A
https://www.copart.com/lot/77401165/salvage-2024-audi-q3-premium-s-line-45-ct-hartford,77401165,"32,741 USD",04/21/2026 03:00 pm GMT+1,2024,AUDI,Q3,2.0L 4,4,WA1DECF37R1******,CERT OF TITLE-SALVAGE,"4,317 A",ACTUAL,FRONT END,"6,600 USD",0 USD,41,CT - HARTFORD,0,N/A,N/A
https://www.copart.com/lot/77352265/clean-title-2014-mercedes-benz-gl-450-4matic-ct-hartford,77352265,"9,437 USD",04/21/2026 03:00 pm GMT+1,2014,MERZ,GL,4.6L  8,8,4JGDF7CE3EA******,CERTIFICATE OF TITLE,"140,827 A",ACTUAL,MINOR DENT/SCRATCHES,850 USD,0 USD,2259,CT - HARTFORD,0,N/A,N/A
https://www.copart.com/lot/77236395/salvage-2024-bmw-540-xi-ct-hartford,77236395,"58,987 USD",04/21/2026 03:00 pm GMT+1,2024,BMW,540,3.0L 6,6,WBA63FJ02RC******,CERT OF TITLE-SALVAGE,0 N,NOT ACTUAL,FRONT END,"7,300 USD",0 USD,2084,CT - HARTFORD,0,N/A,N/A
https://www.copart.com/lot/77216835/salvage-2011-mercedes-benz-e-350-4matic-ct-hartford,77216835,"5,781 USD",04/21/2026 03:00 pm GMT+1,2011,MERZ,E,3.5L 6,6,WDDHF8HB4BA******,CERT OF TITLE-SALVAGE,"207,885 A",ACTUAL,FRONT END,475 USD,0 USD,103,CT - HARTFORD,0,N/A,N/A
https://www.copart.com/lot/77162635/salvage-2022-mitsubishi-outlander-se-ct-hartford,77162635,"18,589 USD",04/21/2026 03:00 pm GMT+1,2022,MITS,OUTLANDER,2.5L  4,4,JA4J3UA81NZ******,CERT OF TITLE-SALVAGED,"71,161 A",ACTUAL,SIDE,"5,600 USD",0 USD,137,CT - HARTFORD,0,N/A,N/A
https://www.copart.com/lot/77152375/clean-title-2018-gmc-sierra-c1500-ct-hartford,77152375,"17,544 USD",04/21/2026 03:00 pm GMT+1,2018,GMC,SIERRA,5.3L  8,8,1GTN1LEC6JZ******,CERTIFICATE OF TITLE,"161,053 A",ACTUAL,MINOR DENT/SCRATCHES,0 USD,0 USD,143,CT - HARTFORD,0,N/A,N/A
https://www.copart.com/lot/77152285/clean-title-2017-nissan-frontier-s-ct-hartford,77152285,"14,530 USD",04/21/2026 03:00 pm GMT+1,2017,NISS,FRONTIER,2.5L  4,4,1N6BD0CT9HN******,CERTIFICATE OF TITLE,"145,982 A",ACTUAL,MINOR DENT/SCRATCHES,0 USD,0 USD,2315,CT - HARTFORD,0,N/A,N/A
https://www.copart.com/lot/77152135/clean-title-2017-chevrolet-silverado-c1500-ct-hartford,77152135,"21,069 USD",04/21/2026 03:00 pm GMT+1,2017,CHEV,SILVERADO,4.3L  6,6,1GCNCNEH3HZ******,CERTIFICATE OF TITLE,"184,578 A",ACTUAL,SIDE,0 USD,0 USD,125,CT - HARTFORD,0,N/A,N/A
https://www.copart.com/lot/77151785/clean-title-2016-toyota-tacoma-access-cab-ct-hartford,77151785,"20,993 USD",04/21/2026 03:00 pm GMT+1,2016,TOYT,TACOMA,2.7L  4,4,5TFRX5GN3GX******,CERTIFICATE OF TITLE,"158,351 A",ACTUAL,MINOR DENT/SCRATCHES,0 USD,0 USD,9,CT - HARTFORD,0,N/A,N/A
https://www.copart.com/lot/77086315/salvage-2025-chevrolet-silverado-k1500-custom-ct-hartford,77086315,"40,890 USD",04/21/2026 03:00 pm GMT+1,2025,CHEV,SILVERADO,2.7L 4,4,1GCPKBEK8SZ******,CERT OF TITLE-SALVAGE,0 N,NOT ACTUAL,FRONT END,500 USD,0 USD,2004,CT - HARTFORD,0,N/A,N/A
https://www.copart.com/lot/77072885/salvage-2021-acura-rdx-technology-ct-hartford,77072885,"26,101 USD",04/21/2026 03:00 pm GMT+1,2021,ACUR,RDX,2.0L  4,4,5J8TC1H5XML******,CERT OF TITLE-SALVAGE,"50,963 A",ACTUAL,FRONT END,"3,200 USD",0 USD,145,CT - HARTFORD,0,N/A,N/A
https://www.copart.com/lot/77004855/salvage-2025-hyundai-tucson-hybrid-sel-convenience-ct-hartford,77004855,"30,910 USD",04/21/2026 03:00 pm GMT+1,2025,HYUN,TUCSON HYBRID,1.6L 4,4,KM8JCDD18SU******,CERT OF TITLE-SALVAGE,"12,258 A",ACTUAL,SIDE,700 USD,0 USD,34,CT - HARTFORD,0,N/A,N/A
https://www.copart.com/lot/76996155/salvage-2022-ford-f150-supercrew-ct-hartford,76996155,"37,724 USD",04/21/2026 03:00 pm GMT+1,2022,FORD,F150,5.0L 8,8,1FTFW1E57NF******,CERT OF TITLE-SALVAGE,"80,372 A",ACTUAL,SIDE,"5,700 USD",0 USD,173,CT - HARTFORD,0,N/A,N/A
https://www.copart.com/lot/76967995/salvage-2024-honda-accord-hybrid-sport-ct-hartford,76967995,"26,144 USD",04/21/2026 03:00 pm GMT+1,2024,HOND,ACCORD,2.0L  4,4,1HGCY2F58RA******,CERT OF TITLE-SALVAGE,0 N,NOT ACTUAL,ALL OVER,450 USD,0 USD,2038,CT - HARTFORD,0,N/A,N/A
https://www.copart.com/lot/76943515/salvage-2015-audi-a6-premium-plus-ct-hartford,76943515,"11,493 USD",04/21/2026 03:00 pm GMT+1,2015,AUDI,A6,2.0L 4,4,WAUGFAFC8FN******,CERT OF TITLE-SALVAGE,"105,074 A",ACTUAL,FRONT END,475 USD,0 USD,2085,CT - HARTFORD,0,N/A,N/A
https://www.copart.com/lot/76883825/salvage-2024-kia-sorento-s-ct-hartford,76883825,"25,592 USD",04/21/2026 03:00 pm GMT+1,2024,KIA,SORENTO,2.5L 4,4,5XYRLDJCXRG******,SALVAGE CERTIFICATE OF TITLE,"38,018 A",ACTUAL,FRONT END,"1,250 USD",0 USD,24,CT - HARTFORD,0,N/A,N/A
https://www.copart.com/lot/76870285/clean-title-2014-nissan-rogue-sl-ct-hartford,76870285,0 USD,04/21/2026 03:00 pm GMT+1,2014,NISS,ROGUE,,,5N1AT2MV4EC******,CERTIFICATE OF TITLE,"160,853 A",ACTUAL,FRONT END,450 USD,0 USD,2258,CT - HARTFORD,0,N/A,N/A
https://www.copart.com/lot/76826395/clean-title-2004-ford-ranger-super-cab-ct-hartford,76826395,0 USD,04/21/2026 03:00 pm GMT+1,2004,FORD,RANGER,4.0L  6,6,1FTZR15E14P******,BILL OF SALE,"203,197 A",ACTUAL,FRONT END,475 USD,0 USD,179,CT - HARTFORD,0,N/A,N/A
https://www.copart.com/lot/76818405/salvage-2015-nissan-sentra-sv-ct-hartford,76818405,"7,466 USD",04/21/2026 03:00 pm GMT+1,2015,NISS,SENTRA,1.8L 4,4,3N1AB7AP6FL******,SALVAGE CERTIFICATE,"84,371 A",ACTUAL,FRONT END,450 USD,0 USD,101,CT - HARTFORD,0,N/A,N/A
https://www.copart.com/lot/76791035/salvage-2014-hyundai-elantra-se-ct-hartford,76791035,"5,409 USD",04/21/2026 03:00 pm GMT+1,2014,HYUN,ELANTRA,1.8L  4,4,KMHDH4AE1EU******,SALVAGE CERTIFICATE OF TITLE,"194,395 A",ACTUAL,REAR END,475 USD,0 USD,8,CT - HARTFORD,0,N/A,N/A
https://www.copart.com/lot/76775555/salvage-2013-nissan-rogue-s-ct-hartford,76775555,"4,674 USD",04/21/2026 03:00 pm GMT+1,2013,NISS,ROGUE,2.5L  4,4,JN8AS5MT5DW******,CERT OF TITLE-SALVAGE,"206,785 A",ACTUAL,SIDE,450 USD,0 USD,115,CT - HARTFORD,0,N/A,N/A
https://www.copart.com/lot/76762495/2011-dodge-ram-ct-hartford,76762495,"9,075 USD",04/21/2026 03:00 pm GMT+1,2011,DODG,RAM,3.7L  6,6,1D7RB1GK2BS******,PARTS ONLY,"179,311 A",ACTUAL,FRONT END,450 USD,0 USD,2325,CT - HARTFORD,0,N/A,N/A
https://www.copart.com/lot/76731865/salvage-2021-toyota-c-hr-xle-ct-hartford,76731865,"17,987 USD",04/21/2026 03:00 pm GMT+1,2021,TOYT,C-HR,2.0L 4,4,NMTKHMBX1MR******,SALVAGE CERTIFICATE,"72,075 A",ACTUAL,REAR END,"2,550 USD",0 USD,27,CT - HARTFORD,0,N/A,N/A
https://www.copart.com/lot/76730015/salvage-2017-hyundai-tucson-limited-ct-hartford,76730015,"12,948 USD",04/21/2026 03:00 pm GMT+1,2017,HYUN,TUCSON,1.6L  4,4,KM8J3CA25HU******,CERT OF TITLE-SALVAGE,"103,897 A",ACTUAL,FRONT END,475 USD,0 USD,2310,CT - HARTFORD,0,N/A,N/A
https://www.copart.com/lot/76552885/salvage-2023-kia-sportage-lx-ct-hartford,76552885,"20,334 USD",04/21/2026 03:00 pm GMT+1,2023,KIA,SPORTAGE,1.6L  4,4,KNDPUCAG4P7******,CERT OF TITLE-SALVAGE,"65,057 A",ACTUAL,REAR END,"2,650 USD",0 USD,85,CT - HARTFORD,0,N/A,N/A
https://www.copart.com/lot/76436895/salvage-2017-subaru-impreza-ct-hartford,76436895,"10,593 USD",04/21/2026 03:00 pm GMT+1,2017,SUBA,IMPREZA,2.0L  4,4,4S3GTAA60H3******,SALVAGE CERTIFICATE OF TITLE,"113,162 A",ACTUAL,FRONT END,500 USD,0 USD,79,CT - HARTFORD,0,N/A,N/A
https://www.copart.com/lot/76408155/salvage-2023-infiniti-qx60-luxe-ct-hartford,76408155,"39,602 USD",04/21/2026 03:00 pm GMT+1,2023,INFI,QX60,3.5L 6,6,5N1DL1FS0PC******,CERT OF TITLE-SALVAGE,"24,489 A",ACTUAL,FRONT END,"7,300 USD",0 USD,2011,CT - HARTFORD,0,N/A,N/A
https://www.copart.com/lot/76289955/salvage-2023-hyundai-elantra-sel-ct-hartford,76289955,"18,649 USD",04/21/2026 03:00 pm GMT+1,2023,HYUN,ELANTRA,2.0L  4,4,KMHLS4AGXPU******,CERT OF TITLE-SALVAGE,"23,312 A",ACTUAL,FRONT END,"1,850 USD",0 USD,177,CT - HARTFORD,0,N/A,N/A
https://www.copart.com/lot/76207795/salvage-2019-kia-niro-fe-ct-hartford,76207795,"7,199 USD",04/21/2026 03:00 pm GMT+1,2019,KIA,NIRO,1.6L  4,4,KNDCB3LC6K5******,CERT OF TITLE-SALVAGE,"146,556 A",ACTUAL,FRONT END,450 USD,0 USD,2523,CT - HARTFORD,0,N/A,N/A
https://www.copart.com/lot/76070195/salvage-2025-kia-k5-ex-ct-hartford,76070195,"30,631 USD",04/21/2026 03:00 pm GMT+1,2025,KIA,K5,2.5L 4,4,KNAG34J79S5******,CERT OF TITLE-SALVAGE,"5,613 A",ACTUAL,FRONT END,450 USD,0 USD,2012,CT - HARTFORD,0,N/A,N/A
https://www.copart.com/lot/75870895/salvage-2025-acura-tlx-a-spec-ct-hartford,75870895,"40,877 USD",04/21/2026 03:00 pm GMT+1,2025,ACUR,TLX,2.0L 4,4,19UUB6F56SA******,CERT OF TITLE-SALVAGE,547 A,ACTUAL,FRONT END,"3,000 USD",0 USD,88,CT - HARTFORD,0,N/A,N/A
https://www.copart.com/lot/75846535/salvage-2024-toyota-corolla-le-ct-hartford,75846535,"21,254 USD",04/21/2026 03:00 pm GMT+1,2024,TOYT,COROLLA,2.0L  4,4,5YFB4MDE6RP******,CERT OF TITLE-SALVAGE,"18,295 A",ACTUAL,FRONT END,475 USD,0 USD,2079,CT - HARTFORD,0,N/A,N/A
https://www.copart.com/lot/75836155/salvage-2013-honda-civic-lx-ct-hartford,75836155,"4,726 USD",04/21/2026 03:00 pm GMT+1,2013,HOND,CIVIC,1.8L  4,4,19XFB2F53DE******,CERT OF TITLE-SALVAGE,"199,311 A",ACTUAL,REAR END,450 USD,0 USD,2277,CT - HARTFORD,0,N/A,N/A
https://www.copart.com/lot/75666605/salvage-2024-volkswagen-tiguan-se-ct-hartford,75666605,"23,897 USD",04/21/2026 03:00 pm GMT+1,2024,VOLK,TIGUAN,2.0L  4,4,3VVMB7AX2RM******,CERT OF TITLE-SALVAGE VEHICLE,"36,349 A",ACTUAL,FRONT END,"3,050 USD",0 USD,35,CT - HARTFORD,0,N/A,N/A
https://www.copart.com/lot/75627295/salvage-2017-toyota-corolla-se-ct-hartford,75627295,"8,151 USD",04/21/2026 03:00 pm GMT+1,2017,TOYT,COROLLA,1.8L 4,4,2T1BURHE4HC******,CERT OF TITLE-SALVAGE,"195,807 A",ACTUAL,FRONT END,525 USD,0 USD,153,CT - HARTFORD,0,N/A,N/A
https://www.copart.com/lot/75430235/salvage-2020-chevrolet-silverado-c1500-lt-ct-hartford,75430235,"20,550 USD",04/21/2026 03:00 pm GMT+1,2020,CHEV,SILVERADO,5.3L 8,8,3GCPWCEDXLG******,CERT OF TITLE-SALVAGE,"164,657 A",ACTUAL,FRONT END,"2,200 USD",0 USD,2009,CT - HARTFORD,0,N/A,N/A
https://www.copart.com/lot/75413665/salvage-2014-toyota-rav4-le-ct-hartford,75413665,"12,296 USD",04/21/2026 03:00 pm GMT+1,2014,TOYT,RAV4,2.5L  4,4,2T3BFREV5EW******,CERT OF TITLE-SALVAGE,"103,678 A",ACTUAL,REAR END,500 USD,0 USD,2318,CT - HARTFORD,0,N/A,N/A
https://www.copart.com/lot/75269485/clean-title-2017-ram-1500-st-ct-hartford,75269485,"15,671 USD",04/21/2026 03:00 pm GMT+1,2017,RAM,1500,5.7L  8,8,3C6JR6DT5HG******,CERTIFICATE OF TITLE,"186,073 A",ACTUAL,NORMAL WEAR,0 USD,0 USD,133,CT - HARTFORD,0,N/A,N/A
https://www.copart.com/lot/75269325/clean-title-2017-ram-1500-st-ct-hartford,75269325,"15,671 USD",04/21/2026 03:00 pm GMT+1,2017,RAM,1500,5.7L  8,8,3C6JR6DTXHG******,CERTIFICATE OF TITLE,"145,998 A",ACTUAL,MINOR DENT/SCRATCHES,0 USD,0 USD,102,CT - HARTFORD,0,N/A,N/A
https://www.copart.com/lot/75269085/clean-title-2015-chevrolet-silverado-c1500-ct-hartford,75269085,"17,522 USD",04/21/2026 03:00 pm GMT+1,2015,CHEV,SILVERADO,4.3L  6,6,1GCNCPEH5FZ******,CERTIFICATE OF TITLE,"198,626 A",ACTUAL,NORMAL WEAR,0 USD,0 USD,12,CT - HARTFORD,0,N/A,N/A
https://www.copart.com/lot/75243715/salvage-2007-toyota-camry-le-ct-hartford,75243715,"4,724 USD",04/21/2026 03:00 pm GMT+1,2007,TOYT,CAMRY,2.4L 4,4,JTNBE46K973******,CERT OF TITLE-SALVAGE,"193,097 A",ACTUAL,FRONT END,475 USD,0 USD,2307,CT - HARTFORD,0,N/A,N/A
https://www.copart.com/lot/75223035/clean-title-2020-chevrolet-malibu-lt-ct-hartford,75223035,0 USD,04/21/2026 03:00 pm GMT+1,2020,CHEV,MALIBU,1.5L  4,4,1G1ZD5STXLF******,CERTIFICATE OF TITLE (P),"117,091 A",ACTUAL,MECHANICAL,475 USD,0 USD,56,CT - HARTFORD,0,N/A,N/A
https://www.copart.com/lot/75222645/salvage-2019-jeep-grand-cherokee-limited-ct-hartford,75222645,"21,723 USD",04/21/2026 03:00 pm GMT+1,2019,JEP,GRAND CHEROKEE,3.6L 6,6,1C4RJFBG6KC******,CERT OF SALVAGE < 75% DAMAGE,"64,398 A",ACTUAL,FRONT END,"6,900 USD",0 USD,3,CT - HARTFORD,0,N/A,N/A
https://www.copart.com/lot/75196395/salvage-2024-kia-seltos-ex-ct-hartford,75196395,"22,934 USD",04/21/2026 03:00 pm GMT+1,2024,KIA,SELTOS,2.0L 4,4,KNDERCAA1R7******,CERT OF TITLE-SALVAGE TITLE,"25,623 A",ACTUAL,FRONT END,975 USD,0 USD,169,CT - HARTFORD,0,N/A,N/A
https://www.copart.com/lot/75075365/salvage-2021-toyota-tacoma-sr5-v6-ct-hartford,75075365,"33,972 USD",04/21/2026 03:00 pm GMT+1,2021,TOYT,TACOMA,3.5L 6,6,3TMDZ5BN2MM******,CERT OF TITLE-SALVAGE,"33,262 A",ACTUAL,SIDE,"6,300 USD",0 USD,178,CT - HARTFORD,0,N/A,N/A
https://www.copart.com/lot/74932075/salvage-2010-honda-accord-lxp-ct-hartford,74932075,"4,915 USD",04/21/2026 03:00 pm GMT+1,2010,HOND,ACCORD,2.4L 4,4,1HGCP2F49AA******,CERT OF TITLE-SALVAGE,"193,150 A",ACTUAL,FRONT END,450 USD,0 USD,2,CT - HARTFORD,0,N/A,N/A
https://www.copart.com/lot/74738755/salvage-2024-ram-2500-tradesman-ct-hartford,74738755,"40,837 USD",04/21/2026 03:00 pm GMT+1,2024,RAM,2500,6.4L  8,8,3C6UR5HJ3RG******,CERT OF TITLE-SALVAGE,"55,591 A",ACTUAL,REAR END,"2,550 USD",0 USD,176,CT - HARTFORD,0,N/A,N/A
https://www.copart.com/lot/74217575/salvage-2019-toyota-rav4-le-ct-hartford,74217575,"20,110 USD",04/21/2026 03:00 pm GMT+1,2019,TOYT,RAV4,2.5L  4,4,JTMMWRFV1KD******,CERT OF TITLE-SALVAGE,"109,198 A",ACTUAL,SIDE,"4,700 USD",0 USD,2096,CT - HARTFORD,0,N/A,N/A
https://www.copart.com/lot/74051805/salvage-2024-hyundai-tucson-sel-ct-hartford,74051805,"26,240 USD",04/21/2026 03:00 pm GMT+1,2024,HYUN,TUCSON,2.5L  4,4,5NMJFCDE5RH******,CERT OF TITLE-SALVAGE,"20,395 A",ACTUAL,FRONT END,"1,000 USD",0 USD,2081,CT - HARTFORD,0,N/A,N/A
https://www.copart.com/lot/73868155/2017-chevrolet-equinox-lt-ct-hartford,73868155,"3,900 USD",04/21/2026 03:00 pm GMT+1,2017,CHEV,EQUINOX,2.4L 4,4,2GNALCEKXH1******,PARTS ONLY,"121,466 A",ACTUAL,FRONT END,450 USD,0 USD,2018,CT - HARTFORD,0,N/A,N/A
https://www.copart.com/lot/73682595/clean-title-2018-jaguar-f-pace-premium-ct-hartford,73682595,0 USD,04/21/2026 03:00 pm GMT+1,2018,JAGU,F-PACE,2.0L  4,4,SADCJ2FX1JA******,CERTIFICATE OF TITLE,"117,479 A",ACTUAL,MINOR DENT/SCRATCHES,"4,200 USD",0 USD,51,CT - HARTFORD,0,N/A,N/A
https://www.copart.com/lot/73663635/salvage-2024-hyundai-kona-se-ct-hartford,73663635,"21,987 USD",04/21/2026 03:00 pm GMT+1,2024,HYUN,KONA,2.0L 4,4,KM8HACAB1RU******,CERT OF TITLE-SALVAGE,"32,905 A",ACTUAL,FRONT END,475 USD,0 USD,26,CT - HARTFORD,0,N/A,N/A
https://www.copart.com/lot/73624985/salvage-2024-nissan-leaf-sv-plus-ct-hartford,73624985,"18,509 USD",04/21/2026 03:00 pm GMT+1,2024,NISS,LEAF,U,,1N4CZ1CV9RC******,CERT OF TITLE-SALVAGE,"18,922 A",ACTUAL,FRONT END,"5,900 USD",0 USD,11,CT - HARTFORD,0,N/A,N/A
https://www.copart.com/lot/73450415/salvage-2007-subaru-outback-ct-hartford,73450415,"2,991 USD",04/21/2026 03:00 pm GMT+1,2007,SUBA,OUTBACK,2.5L  4,4,4S4BP62C777******,CERT OF TITLE-SALVAGE,"184,357 A",ACTUAL,FRONT END,450 USD,0 USD,186,CT - HARTFORD,0,N/A,N/A
https://www.copart.com/lot/73059875/salvage-2014-jeep-wrangler-unlimited-sahara-ct-hartford,73059875,"18,848 USD",04/21/2026 03:00 pm GMT+1,2014,JEP,WRANGLER UNLIMITED,3.6L 6,6,1C4HJWEG0EL******,CERT OF TITLE-SALVAGE,"99,693 A",ACTUAL,FRONT END,"1,200 USD",0 USD,20,CT - HARTFORD,0,N/A,N/A
https://www.copart.com/lot/73002415/salvage-2015-honda-cr-v-lx-ct-hartford,73002415,"8,075 USD",04/21/2026 03:00 pm GMT+1,2015,HOND,CR-V,2.4L  4,4,2HKRM4H35FH******,CERT OF TITLE-SALVAGE,"186,776 A",ACTUAL,FRONT END,"1,800 USD",0 USD,197,CT - HARTFORD,0,N/A,N/A
https://www.copart.com/lot/72879465/salvage-2015-honda-civic-lx-ct-hartford,72879465,"8,591 USD",04/21/2026 03:00 pm GMT+1,2015,HOND,CIVIC,1.8L  4,4,19XFB2F54FE******,CERT OF TITLE-SALVAGE,"164,641 A",ACTUAL,FRONT END,475 USD,0 USD,150,CT - HARTFORD,0,N/A,N/A
https://www.copart.com/lot/72784055/salvage-2022-nissan-altima-2-5-s-ct-hartford,72784055,"15,863 USD",04/21/2026 03:00 pm GMT+1,2022,NISS,ALTIMA,2.5L 4,4,1N4BL4BV4NN******,CERT OF TITLE - SALVAGE,0 N,NOT ACTUAL,SIDE,500 USD,0 USD,2013,CT - HARTFORD,0,N/A,N/A
https://www.copart.com/lot/72745245/salvage-2017-niss-rogue-sport-sl-ct-hartford,72745245,"9,118 USD",04/21/2026 03:00 pm GMT+1,2017,NISS,ROGUE SPORT,2.0L 4,4,JN1BJ1CR0HW******,CERT OF TITLE-SALVAGE,"143,790 A",ACTUAL,FRONT END,475 USD,0 USD,2298,CT - HARTFORD,0,N/A,N/A
https://www.copart.com/lot/72697335/clean-title-2013-ford-econoline-e-250-cargo-van-prior-fleet-ct-hartford,72697335,"14,850 USD",04/21/2026 03:00 pm GMT+1,2013,FORD,ECONOLINE,4.6L 8,8,1FTNS2EW6DD******,CERTIFICATE OF TITLE,"192,771 A",ACTUAL,FRONT END,525 USD,0 USD,25,CT - HARTFORD,0,N/A,N/A
https://www.copart.com/lot/72496065/salvage-2008-hyundai-tucson-gls-ct-hartford,72496065,"4,957 USD",04/21/2026 03:00 pm GMT+1,2008,HYUN,TUCSON,2.0L 4,4,KM8JM12B48U******,CERT OF TITLE-SALVAGE,"75,664 A",ACTUAL,FRONT END,525 USD,0 USD,154,CT - HARTFORD,0,N/A,N/A
https://www.copart.com/lot/72466315/clean-title-2015-dodge-grand-caravan-se-ct-hartford,72466315,"7,244 USD",04/21/2026 03:00 pm GMT+1,2015,DODG,GRAND CARAVAN,3.6L  6,6,2C4RDGBG7FR******,CERTIFICATE OF TITLE,"258,769 A",ACTUAL,STRIPPED,0 USD,0 USD,2058,CT - HARTFORD,0,N/A,N/A
https://www.copart.com/lot/72447015/salvage-2016-gmc-terrain-slt-ct-hartford,72447015,"6,051 USD",04/21/2026 03:00 pm GMT+1,2016,GMC,TERRAIN,2.4L  4,4,2GKFLUEK3G6******,CERT OF TITLE-SALVAGE,"180,269 A",ACTUAL,SIDE,475 USD,0 USD,2266,CT - HARTFORD,0,N/A,N/A
https://www.copart.com/lot/72304605/salvage-2022-hyundai-elantra-n-ct-hartford,72304605,"28,708 USD",04/21/2026 03:00 pm GMT+1,2022,HYUN,ELANTRA N,2.0L  4,4,KMHLW4DK2RU******,CERT OF TITLE-SALVAGE,"28,776 A",ACTUAL,REAR END,"3,050 USD",0 USD,164,CT - HARTFORD,0,N/A,N/A
https://www.copart.com/lot/72230975/salvage-2019-ford-transit-connect-xlt-ct-hartford,72230975,"14,253 USD",04/21/2026 03:00 pm GMT+1,2019,FORD,TRANSIT CONNECT,2.0L 4,4,NM0LS7F22K1******,CERT OF TITLE-SALVAGE,"113,855 A",ACTUAL,FRONT END,975 USD,0 USD,2053,CT - HARTFORD,0,N/A,N/A
https://www.copart.com/lot/72074375/salvage-2019-honda-hr-v-lx-ct-hartford,72074375,"13,153 USD",04/21/2026 03:00 pm GMT+1,2019,HOND,HR-V,1.8L  4,4,3CZRU6H32KG******,CERT OF TITLE-SALVAGE,"128,724 A",ACTUAL,FRONT END,"1,150 USD",0 USD,100,CT - HARTFORD,0,N/A,N/A
https://www.copart.com/lot/71872155/salvage-2022-nissan-pathfinder-sv-ct-hartford,71872155,"22,342 USD",04/21/2026 03:00 pm GMT+1,2022,NISS,PATHFINDER,3.5L 6,6,5N1DR3BD5NC******,MV-907A SALVAGE CERTIFICATE,"82,178 A",ACTUAL,FRONT END,475 USD,0 USD,2006,CT - HARTFORD,0,N/A,N/A
https://www.copart.com/lot/68279355/salvage-2018-audi-a6-premium-ct-hartford,68279355,"20,369 USD",04/21/2026 03:00 pm GMT+1,2018,AUDI,A6,3.0L 6,6,WAUF3AFCXJN******,CERTIFICATE OF SALVAGE,"97,021 A",ACTUAL,FRONT END,475 USD,0 USD,184,CT - HARTFORD,0,N/A,N/A
https://www.copart.com/lot/63045295/salvage-2013-audi-s7-premium-ct-hartford,63045295,"16,837 USD",04/21/2026 03:00 pm GMT+1,2013,AUDI,S7,4.0L 8,8,WAUW2AFC1DN******,CERT OF TITLE-SALVAGE,"76,555 A",ACTUAL,FRONT END,"2,550 USD",0 USD,139,CT - HARTFORD,0,N/A,N/A
https://www.copart.com/lot/50847416/clean-title-2021-audi-q5-premium-ct-hartford,50847416,"22,000 USD",04/21/2026 03:00 pm GMT+1,2021,AUDI,Q5,2.0L 4,4,WA1AAAFY5M2******,CERTIFICATE OF TITLE,"100,202 A",ACTUAL,SIDE,"12,500 USD",0 USD,29,CT - HARTFORD,0,N/A,N/A
https://www.copart.com/lot/50611966/clean-title-2010-honda-cr-v-exl-ct-hartford,50611966,0 USD,04/21/2026 03:00 pm GMT+1,2010,HOND,CR-V,2.4L 4,4,5j6re4h77al******,CERTIFICATE OF TITLE (P),"192,114 A",ACTUAL,NORMAL WEAR,475 USD,0 USD,99,CT - HARTFORD,0,N/A,N/A
https://www.copart.com/lot/50464136/clean-title-2016-nissan-rogue-sv-ct-hartford,50464136,0 USD,04/21/2026 03:00 pm GMT+1,2016,NISS,ROGUE,2.5L 4,4,5N1AT2MV5GC******,CERTIFICATE OF TITLE,"133,972 A",ACTUAL,FRONT END,500 USD,0 USD,2262,CT - HARTFORD,0,N/A,N/A
https://www.copart.com/lot/50447796/2019-toyota-highlander-xle-ct-hartford,50447796,"25,211 USD",04/21/2026 03:00 pm GMT+1,2019,TOYT,HIGHLANDER,3.5L 6,6,5TDJZRFH5KS******,CERT OF TITLE-PARTS ONLY SALVA,"100,519 A",ACTUAL,FRONT END,475 USD,0 USD,162,CT - HARTFORD,0,N/A,N/A
https://www.copart.com/lot/50442616/clean-title-2008-land-rover-lr2-hse-ct-hartford,50442616,0 USD,04/21/2026 03:00 pm GMT+1,2008,LAND,LR2,3.2L 6,6,SALFR24N58H******,CERTIFICATE OF TITLE (P),"83,101 A",ACTUAL,NORMAL WEAR,450 USD,0 USD,194,CT - HARTFORD,0,N/A,N/A
https://www.copart.com/lot/50440516/clean-title-2005-gmc-sierra-ct-hartford,50440516,0 USD,04/21/2026 03:00 pm GMT+1,2005,GMC,SIERRA,6.0L 8,8,1GTEK14HX52******,CERTIFICATE OF TITLE (P),"55,523 E",EXEMPT,NORMAL WEAR,475 USD,0 USD,2283,CT - HARTFORD,0,N/A,N/A
https://www.copart.com/lot/50439086/clean-title-2017-toyota-camry-le-ct-hartford,50439086,0 USD,04/21/2026 03:00 pm GMT+1,2017,TOYT,CAMRY,2.5L 4,4,4T1BF1FK5HU******,CERTIFICATE OF TITLE (P),"128,379 A",ACTUAL,MINOR DENT/SCRATCHES,950 USD,0 USD,108,CT - HARTFORD,0,N/A,N/A
https://www.copart.com/lot/50339306/clean-title-2015-volkswagen-tiguan-s-ct-hartford,50339306,0 USD,04/21/2026 03:00 pm GMT+1,2015,VOLK,TIGUAN,2.0L 4,4,WVGBV7AX1FW******,CERTIFICATE OF TITLE,"133,129 A",ACTUAL,MECHANICAL,450 USD,0 USD,72,CT - HARTFORD,0,N/A,N/A
https://www.copart.com/lot/50325216/clean-title-2012-hyundai-elantra-limited-ct-hartford,50325216,0 USD,04/21/2026 03:00 pm GMT+1,2012,HYUN,ELANTRA,1.8L 4,4,KMHDH4AE0CU******,CERTIFICATE OF TITLE,"164,098 A",ACTUAL,SIDE,450 USD,0 USD,155,CT - HARTFORD,0,N/A,N/A
https://www.copart.com/lot/50271716/clean-title-2015-hyundai-sonata-se-eco-ct-hartford,50271716,"1,200 USD",04/21/2026 03:00 pm GMT+1,2015,HYUN,SONATA,2.4L,,5NPE24AF4FH******,CERTIFICATE OF TITLE,"114,721 A",ACTUAL,SIDE,550 USD,0 USD,54,CT - HARTFORD,0,N/A,N/A
https://www.copart.com/lot/50267656/salvage-2016-dodge-grand-caravan-sxt-ct-hartford,50267656,"5,624 USD",04/21/2026 03:00 pm GMT+1,2016,DODG,GRAND CARAVAN,3.6L 6,6,2C4RDGCG6GR******,CERT OF TITLE-SALVAGE,"157,947 A",ACTUAL,REAR END,450 USD,0 USD,174,CT - HARTFORD,0,N/A,N/A
https://www.copart.com/lot/50236876/salvage-2013-subaru-outback-2-5i-limited-ct-hartford,50236876,"6,268 USD",04/21/2026 03:00 pm GMT+1,2013,SUBA,OUTBACK,2.5L 4,4,4S4BRBPC7D3******,CERT OF TITLE-SALVAGE,"151,569 A",ACTUAL,SIDE,450 USD,0 USD,126,CT - HARTFORD,0,N/A,N/A
https://www.copart.com/lot/50236806/salvage-2017-dodge-grand-caravan-sxt-ct-hartford,50236806,"4,199 USD",04/21/2026 03:00 pm GMT+1,2017,DODG,GRAND CARAVAN,3.6L 6,6,2C4RDGCG1HR******,CERT OF TITLE-SALVAGE,"169,174 A",ACTUAL,SIDE,450 USD,0 USD,2327,CT - HARTFORD,0,N/A,N/A
https://www.copart.com/lot/50232416/clean-title-2014-audi-q5-premium-plus-ct-hartford,50232416,"4,250 USD",04/21/2026 03:00 pm GMT+1,2014,AUDI,Q5,2.0L 4,4,WA1LFAFP6EA******,CERTIFICATE OF TITLE,0 N,NOT ACTUAL,BIOHAZARD/CHEMICAL,450 USD,0 USD,2092,CT - HARTFORD,0,N/A,N/A
https://www.copart.com/lot/50190846/clean-title-2012-mercedes-benz-ml-350-bluetec-ct-hartford,50190846,0 USD,04/21/2026 03:00 pm GMT+1,2012,MERZ,ML,3.0L 6,6,4JGDA2EB6CA******,CERTIFICATE OF TITLE (P),"178,376 A",ACTUAL,MINOR DENT/SCRATCHES,"27,000 USD",0 USD,2263,CT - HARTFORD,0,N/A,N/A
https://www.copart.com/lot/50143406/clean-title-2009-toyota-highlander-base-ct-hartford,50143406,"8,750 USD",04/21/2026 03:00 pm GMT+1,2009,TOYT,HIGHLANDER,3.5L 6,6,JTEES41A592******,CERTIFICATE OF TITLE,"270,379 A",ACTUAL,UNDERCARRIAGE,450 USD,0 USD,2326,CT - HARTFORD,0,N/A,N/A
https://www.copart.com/lot/50137496/salvage-2014-chevrolet-impala-limited-lt-ct-hartford,50137496,"7,402 USD",04/21/2026 03:00 pm GMT+1,2014,CHEV,IMPALA LIMITED,3.6L 6,6,2G1WB5E31E1******,CERT OF TITLE-SALVAGE,"120,254 A",ACTUAL,SIDE,475 USD,0 USD,10,CT - HARTFORD,0,N/A,N/A
https://www.copart.com/lot/50129206/clean-title-2005-dodge-durango-ct-hartford,50129206,0 USD,04/21/2026 03:00 pm GMT+1,2005,DODG,DURANGO,5.7L 8,8,1D4HB58D25F******,CERTIFICATE OF TITLE,"68,872 A",ACTUAL,SIDE,800 USD,0 USD,181,CT - HARTFORD,0,N/A,N/A
https://www.copart.com/lot/50122916/salvage-2017-chevrolet-suburban-k1500-lt-ct-hartford,50122916,"28,789 USD",04/21/2026 03:00 pm GMT+1,2017,CHEV,SUBURBAN,5.3L 8,8,1GNSKHKC6HR******,SALVAGE CERTIFICATE,"88,243 A",ACTUAL,MINOR DENT/SCRATCHES,0 USD,0 USD,2073,CT - HARTFORD,0,N/A,N/A
https://www.copart.com/lot/50111106/salvage-2018-chrysler-300-touring-ct-hartford,50111106,"17,802 USD",04/21/2026 03:00 pm GMT+1,2018,CHRY,300,3.6L 6,6,2C3CCARG6JH******,CERT OF TITLE-SALVAGE,"40,912 A",ACTUAL,FRONT END,"1,050 USD",0 USD,113,CT - HARTFORD,0,N/A,N/A
https://www.copart.com/lot/50100056/salvage-2013-nissan-sentra-s-ct-hartford,50100056,"3,989 USD",04/21/2026 03:00 pm GMT+1,2013,NISS,SENTRA,1.8L 4,4,3N1AB7AP8DL******,CERT OF TITLE-SALVAGE,"226,722 A",ACTUAL,SIDE,450 USD,0 USD,2295,CT - HARTFORD,0,N/A,N/A
https://www.copart.com/lot/50073436/clean-title-2017-jeep-grand-cherokee-laredo-ct-hartford,50073436,"3,300 USD",04/21/2026 03:00 pm GMT+1,2017,JEP,GRAND CHEROKEE,3.6L 6,6,1C4RJFAG7HC******,CERTIFICATE OF TITLE,"95,934 A",ACTUAL,MINOR DENT/SCRATCHES,475 USD,0 USD,66,CT - HARTFORD,0,N/A,N/A
https://www.copart.com/lot/50048516/salvage-2017-chevrolet-trax-premier-ct-hartford,50048516,"11,073 USD",04/21/2026 03:00 pm GMT+1,2017,CHEV,TRAX,1.4L 4,4,3GNCJRSB8HL******,CERT OF TITLE-SALVAGE,"67,658 A",ACTUAL,REAR END,"1,050 USD",0 USD,43,CT - HARTFORD,0,N/A,N/A
https://www.copart.com/lot/50047906/salvage-2012-volkswagen-jetta-base-ct-hartford,50047906,"3,944 USD",04/21/2026 03:00 pm GMT+1,2012,VOLK,JETTA,2.0L 4,4,3VW2K7AJ4CM******,CERT OF TITLE-SALVAGE,"152,131 A",ACTUAL,FRONT END,450 USD,0 USD,6,CT - HARTFORD,0,N/A,N/A
https://www.copart.com/lot/49998006/clean-title-2006-toyota-land-cruiser-base-ct-hartford,49998006,0 USD,04/21/2026 03:00 pm GMT+1,2006,TOYT,LAND CRUISER,4.7L 8,8,JTEHT05J162******,CERTIFICATE OF TITLE (P),"238,910 A",ACTUAL,NORMAL WEAR,"5,700 USD",0 USD,76,CT - HARTFORD,0,N/A,N/A
https://www.copart.com/lot/49997916/clean-title-2006-toyota-tacoma-double-cab-ct-hartford,49997916,0 USD,04/21/2026 03:00 pm GMT+1,2006,TOYT,TACOMA,4.0L 6,6,5TELU42N86Z******,CERTIFICATE OF TITLE (P),"33,717 A",ACTUAL,NORMAL WEAR,0 USD,0 USD,2317,CT - HARTFORD,0,N/A,N/A
https://www.copart.com/lot/49995026/clean-title-2016-kia-sedona-lx-ct-hartford,49995026,"2,400 USD",04/21/2026 03:00 pm GMT+1,2016,KIA,SEDONA,3.3L 6,6,KNDMB5C16G6******,CERTIFICATE OF TITLE,"196,362 A",ACTUAL,MECHANICAL,450 USD,0 USD,2067,CT - HARTFORD,0,N/A,N/A
https://www.copart.com/lot/49990446/clean-title-2018-dodge-grand-caravan-se-ct-hartford,49990446,"12,538 USD",04/21/2026 03:00 pm GMT+1,2018,DODG,GRAND CARAVAN,3.6L 6,6,2C4RDGBG2JR******,CERTIFICATE OF TITLE,"108,503 A",ACTUAL,SIDE,475 USD,0 USD,53,CT - HARTFORD,0,N/A,N/A
https://www.copart.com/lot/49984416/salvage-2008-lexus-rx-350-ct-hartford,49984416,"4,042 USD",04/21/2026 03:00 pm GMT+1,2008,LEXS,RX,3.5L 6,6,2T2HK31U98C******,CERT OF TITLE-SALVAGE,"263,868 A",ACTUAL,FRONT END,675 USD,0 USD,141,CT - HARTFORD,0,N/A,N/A
https://www.copart.com/lot/49962016/salvage-2014-nissan-altima-2-5-sv-ct-hartford,49962016,"5,629 USD",04/21/2026 03:00 pm GMT+1,2014,NISS,ALTIMA,2.5L 4,4,1N4AL3AP4EC******,CERT OF TITLE-SALVAGE,"176,597 A",ACTUAL,REAR END,450 USD,0 USD,2278,CT - HARTFORD,0,N/A,N/A
https://www.copart.com/lot/49908236/salvage-2004-nissan-350z-base-ct-hartford,49908236,"5,343 USD",04/21/2026 03:00 pm GMT+1,2004,NISS,350Z,3.5L 6,6,JN1AZ34D14T******,CERT OF TITLE-SALVAGE,"160,665 A",ACTUAL,FRONT END,"1,200 USD",0 USD,104,CT - HARTFORD,0,N/A,N/A
https://www.copart.com/lot/49899076/clean-title-2015-chevrolet-tahoe-k1500-ltz-ct-hartford,49899076,"4,000 USD",04/21/2026 03:00 pm GMT+1,2015,CHEV,TAHOE,5.3L 8,8,1GNSKCKC9FR******,CERTIFICATE OF TITLE,"131,782 A",ACTUAL,FRONT END,600 USD,0 USD,64,CT - HARTFORD,0,N/A,N/A
https://www.copart.com/lot/49883626/clean-title-2015-dodge-charger-sxt-ct-hartford,49883626,"2,508 USD",04/21/2026 03:00 pm GMT+1,2015,DODG,CHARGER,3.6L 6,6,2C3CDXJG2FH******,CERTIFICATE OF TITLE,"96,965 A",ACTUAL,MINOR DENT/SCRATCHES,475 USD,0 USD,57,CT - HARTFORD,0,N/A,N/A
https://www.copart.com/lot/49881976/salvage-2007-honda-accord-ex-ct-hartford,49881976,"4,730 USD",04/21/2026 03:00 pm GMT+1,2007,HOND,ACCORD,3.0L 6,6,1HGCM66887A******,CERT OF TITLE-SALVAGE,"114,267 A",ACTUAL,UNDERCARRIAGE,450 USD,0 USD,2525,CT - HARTFORD,0,N/A,N/A
https://www.copart.com/lot/49878086/clean-title-2013-kia-sorento-ex-ct-hartford,49878086,0 USD,04/21/2026 03:00 pm GMT+1,2013,KIA,SORENTO,3.5L 6,6,5XYKUDA24DG******,CERTIFICATE OF TITLE,"214,627 A",ACTUAL,SIDE,475 USD,0 USD,62,CT - HARTFORD,0,N/A,N/A
https://www.copart.com/lot/49828216/salvage-2019-honda-odyssey-ex-ct-hartford,49828216,"19,128 USD",04/21/2026 03:00 pm GMT+1,2019,HOND,ODYSSEY,3.5L 6,6,5FNRL6H5XKB******,CERT OF TITLE-SALVAGE,"60,839 A",ACTUAL,FRONT END,"3,600 USD",0 USD,44,CT - HARTFORD,0,N/A,N/A
https://www.copart.com/lot/49823766/salvage-2013-lexus-ct-200-ct-hartford,49823766,"8,062 USD",04/21/2026 03:00 pm GMT+1,2013,LEXS,CT,1.8L 4,4,JTHKD5BH0D2******,CERT OF TITLE-SALVAGE,"181,783 A",ACTUAL,FRONT END,"1,200 USD",0 USD,93,CT - HARTFORD,0,N/A,N/A
https://www.copart.com/lot/49813606/salvage-2015-honda-civic-lx-ct-hartford,49813606,"6,477 USD",04/21/2026 03:00 pm GMT+1,2015,HOND,CIVIC,1.8L 4,4,2HGFB2F57FH******,CERT OF TITLE-SALVAGE,"124,329 A",ACTUAL,FRONT END,825 USD,0 USD,2521,CT - HARTFORD,0,N/A,N/A
https://www.copart.com/lot/49797916/salvage-2018-mazda-cx-5-grand-touring-ct-hartford,49797916,"11,809 USD",04/21/2026 03:00 pm GMT+1,2018,MAZD,CX-5,2.5L 4,4,JM3KFBDM8J0******,CERT OF TITLE-SALVAGE,"123,019 A",ACTUAL,FRONT END,"5,100 USD",0 USD,136,CT - HARTFORD,0,N/A,N/A
https://www.copart.com/lot/49795116/clean-title-2018-jeep-cherokee-limited-ct-hartford,49795116,0 USD,04/21/2026 03:00 pm GMT+1,2018,JEP,CHEROKEE,2.4L 4,4,1C4PJMDB2JD******,CERTIFICATE OF TITLE,"156,018 A",ACTUAL,SIDE,0 USD,0 USD,2054,CT - HARTFORD,0,N/A,N/A
https://www.copart.com/lot/49703526/salvage-2020-mazda-cx-5-touring-ct-hartford,49703526,"20,441 USD",04/21/2026 03:00 pm GMT+1,2020,MAZD,CX-5,2.5L 4,4,JM3KFBCMXL1******,CERT OF TITLE-SALVAGE,"45,232 A",ACTUAL,FRONT END,"4,400 USD",0 USD,121,CT - HARTFORD,0,N/A,N/A
https://www.copart.com/lot/49669376/clean-title-2012-volkswagen-jetta-se-ct-hartford,49669376,0 USD,04/21/2026 03:00 pm GMT+1,2012,VOLK,JETTA,2.5L 5,5,3VWDP7AJ4CM******,CERTIFICATE OF TITLE,"119,319 A",ACTUAL,NORMAL WEAR,475 USD,0 USD,2042,CT - HARTFORD,0,N/A,N/A
https://www.copart.com/lot/49665186/salvage-2008-chevrolet-impala-ls-ct-hartford,49665186,"3,867 USD",04/21/2026 03:00 pm GMT+1,2008,CHEV,IMPALA,3.5L 6,6,2G1WB58K681******,CERT OF TITLE-SALVAGE,"100,274 A",ACTUAL,FRONT END,450 USD,0 USD,2253,CT - HARTFORD,0,N/A,N/A
https://www.copart.com/lot/49657636/clean-title-2019-subaru-ascent-premium-ct-hartford,49657636,0 USD,04/21/2026 03:00 pm GMT+1,2019,SUBA,ASCENT,2.4L 4,4,4S4WMAHD8K3******,CERTIFICATE OF TITLE (P),"180,500 A",ACTUAL,NORMAL WEAR,0 USD,0 USD,2280,CT - HARTFORD,0,N/A,N/A
https://www.copart.com/lot/49654016/clean-title-2015-audi-a6-premium-plus-ct-hartford,49654016,0 USD,04/21/2026 03:00 pm GMT+1,2015,AUDI,A6,2.0L 4,4,WAUGFAFC2FN******,CERTIFICATE OF TITLE (P),"221,879 A",ACTUAL,MECHANICAL,450 USD,0 USD,2272,CT - HARTFORD,0,N/A,N/A
https://www.copart.com/lot/49653806/salvage-2018-toyota-prius-prime-premium-ct-hartford,49653806,"13,637 USD",04/21/2026 03:00 pm GMT+1,2018,TOYT,PRIUS PRIME,1.8L 4,4,JTDKARFP7J3******,CERT OF TITLE-SALVAGE,"141,123 A",ACTUAL,FRONT END,"1,500 USD",0 USD,2304,CT - HARTFORD,0,N/A,N/A
https://www.copart.com/lot/49649256/clean-title-2018-toyota-4runner-trd-pro-ct-hartford,49649256,0 USD,04/21/2026 03:00 pm GMT+1,2018,TOYT,4RUNNER,4.0L 6,6,JTEBU5JRXJ5******,CERTIFICATE OF TITLE (P),"207,830 A",ACTUAL,NORMAL WEAR,0 USD,0 USD,2305,CT - HARTFORD,0,N/A,N/A
https://www.copart.com/lot/49645896/clean-title-2002-toyota-tacoma-xtracab-ct-hartford,49645896,0 USD,04/21/2026 03:00 pm GMT+1,2002,TOYT,TACOMA,2.7L 4,4,5TEWM72N82Z******,CERTIFICATE OF TITLE (P),"184,454 A",ACTUAL,NORMAL WEAR,525 USD,0 USD,80,CT - HARTFORD,0,N/A,N/A
https://www.copart.com/lot/49610586/2010-acura-mdx-technology-ct-hartford,49610586,"6,994 USD",04/21/2026 03:00 pm GMT+1,2010,ACUR,MDX,3.7L 6,6,2HNYD2H61AH******,CERT OF TITLE-PARTS ONLY SALVA,"131,594 A",ACTUAL,REAR END,475 USD,0 USD,90,CT - HARTFORD,0,N/A,N/A
https://www.copart.com/lot/49606886/clean-title-2000-toyota-tundra-access-cab-sr5-ct-hartford,49606886,"6,978 USD",04/21/2026 03:00 pm GMT+1,2000,TOYT,TUNDRA,3.4L 6,6,5TBRN3414YS******,CERTIFICATE OF TITLE,"254,159 A",ACTUAL,SIDE,450 USD,0 USD,67,CT - HARTFORD,0,N/A,N/A
https://www.copart.com/lot/49586726/salvage-2018-chev-express-g2500-ct-hartford,49586726,0 USD,04/21/2026 03:00 pm GMT+1,2018,CHEV,EXPRESS G2500,6.0L 8,8,1GCWGAFB7J1******,CERT OF TITLE-SALVAGE,"182,823 A",ACTUAL,FRONT END,125 USD,0 USD,825,CT - HARTFORD,0,N/A,N/A
https://www.copart.com/lot/49576566/salvage-2016-toyota-corolla-s-plus-ct-hartford,49576566,"8,837 USD",04/21/2026 03:00 pm GMT+1,2016,TOYT,COROLLA,1.8L 4,4,5YFBURHE5GP******,CERT OF TITLE-SALVAGE,"164,369 A",ACTUAL,FRONT END,475 USD,0 USD,2522,CT - HARTFORD,0,N/A,N/A
https://www.copart.com/lot/49575926/clean-title-2019-hyundai-elantra-se-ct-hartford,49575926,0 USD,04/21/2026 03:00 pm GMT+1,2019,HYUN,ELANTRA,2.0L 4,4,KMHD74LF4KU******,CERTIFICATE OF TITLE,"58,000 A",ACTUAL,TOP/ROOF,475 USD,0 USD,2328,CT - HARTFORD,0,N/A,N/A
https://www.copart.com/lot/49563186/salvage-2004-acura-tl-ct-hartford,49563186,"4,048 USD",04/21/2026 03:00 pm GMT+1,2004,ACUR,TL,3.2L 6,6,19UUA66254A******,BILL OF SALE-SALVAGE,"172,841 A",ACTUAL,SIDE,450 USD,0 USD,157,CT - HARTFORD,0,N/A,N/A
https://www.copart.com/lot/49555336/salvage-2008-toyota-rav4-base-ct-hartford,49555336,"7,082 USD",04/21/2026 03:00 pm GMT+1,2008,TOYT,RAV4,2.4L 4,4,JTMBD33V586******,CERT OF TITLE-SALVAGE,"144,992 A",ACTUAL,SIDE,"1,350 USD",0 USD,87,CT - HARTFORD,0,N/A,N/A
https://www.copart.com/lot/49511336/clean-title-2021-honda-civic-lx-ct-hartford,49511336,0 USD,04/21/2026 03:00 pm GMT+1,2021,HOND,CIVIC,2.0L 4,4,2HGFC2F63MH******,CERTIFICATE OF TITLE (P),"62,669 A",ACTUAL,MINOR DENT/SCRATCHES,0 USD,0 USD,2279,CT - HARTFORD,0,N/A,N/A
https://www.copart.com/lot/49510426/clean-title-2013-lincoln-mkt-ct-hartford,49510426,0 USD,04/21/2026 03:00 pm GMT+1,2013,LINC,MKT,3.7L 6,6,2LMHJ5NKXDB******,CERTIFICATE OF TITLE (P),"297,089 A",ACTUAL,MINOR DENT/SCRATCHES,"1,500 USD",0 USD,2284,CT - HARTFORD,0,N/A,N/A
https://www.copart.com/lot/49480106/salvage-2018-chevrolet-volt-lt-ct-hartford,49480106,"10,129 USD",04/21/2026 03:00 pm GMT+1,2018,CHEV,VOLT,1.5L 4,4,1G1RC6S52JU******,CERT OF TITLE-SALVAGE,"95,077 A",ACTUAL,FRONT END,"1,550 USD",0 USD,2324,CT - HARTFORD,0,N/A,N/A
https://www.copart.com/lot/49474066/salvage-2018-hyundai-tucson-se-ct-hartford,49474066,"14,407 USD",04/21/2026 03:00 pm GMT+1,2018,HYUN,TUCSON,2.0L 4,4,KM8J2CA48JU******,CERT OF TITLE-SALVAGE,"45,844 A",ACTUAL,REAR END,"1,050 USD",0 USD,2276,CT - HARTFORD,0,N/A,N/A
https://www.copart.com/lot/49434416/salvage-2017-lexus-rx-350-base-ct-hartford,49434416,"20,705 USD",04/21/2026 03:00 pm GMT+1,2017,LEXS,RX 350,3.5L 6,6,2T2BZMCA6HC******,CERT OF TITLE-SALVAGE,"111,662 A",ACTUAL,ALL OVER,575 USD,0 USD,122,CT - HARTFORD,0,N/A,N/A
https://www.copart.com/lot/49428776/salvage-2022-bmw-x7-xdrive40i-ct-hartford,49428776,"39,356 USD",04/21/2026 03:00 pm GMT+1,2022,BMW,X7,3.0L 6,6,5UXCW2C01N9******,CERT OF TITLE-SALVAGE,0 N,NOT ACTUAL,SIDE,"7,300 USD",0 USD,2037,CT - HARTFORD,0,N/A,N/A
https://www.copart.com/lot/49427516/salvage-2018-chrysler-pacifica-touring-l-plus-ct-hartford,49427516,"14,689 USD",04/21/2026 03:00 pm GMT+1,2018,CHRY,PACIFICA,3.6L 6,6,2C4RC1EG1JR******,CERT OF TITLE-SALVAGE,"71,829 A",ACTUAL,SIDE,550 USD,0 USD,42,CT - HARTFORD,0,N/A,N/A
https://www.copart.com/lot/49417806/salvage-2013-volkswagen-golf-ct-hartford,49417806,"7,656 USD",04/21/2026 03:00 pm GMT+1,2013,VOLK,GOLF,2.0L 4,4,WVWDM7AJ8DW******,CERT OF TITLE-SALVAGE,"140,595 A",ACTUAL,UNDERCARRIAGE,450 USD,0 USD,2297,CT - HARTFORD,0,N/A,N/A
https://www.copart.com/lot/49387786/clean-title-2011-mini-cooper-clubman-ct-hartford,49387786,0 USD,04/21/2026 03:00 pm GMT+1,2011,MIN,COOPER,1.6L 4,4,WMWZF3C56BT******,CERTIFICATE OF TITLE,0 N,NOT ACTUAL,NORMAL WEAR,0 USD,0 USD,2030,CT - HARTFORD,0,N/A,N/A
https://www.copart.com/lot/49331576/salvage-2022-volkswagen-gti-s-ct-hartford,49331576,"21,215 USD",04/21/2026 03:00 pm GMT+1,2022,VOLK,GTI,2.0L 4,4,WVWG87CD3NW******,CERT OF TITLE-SALVAGE,"56,215 A",ACTUAL,SIDE,"3,100 USD",0 USD,146,CT - HARTFORD,0,N/A,N/A
https://www.copart.com/lot/49273186/salvage-2023-ford-escape-st-line-select-ct-hartford,49273186,"23,362 USD",04/21/2026 03:00 pm GMT+1,2023,FORD,ESCAPE,2.5L 4,4,1FMCU9NZ9PU******,CERT OF TITLE-SALVAGE,"30,044 A",ACTUAL,FRONT END,"2,750 USD",0 USD,31,CT - HARTFORD,0,N/A,N/A
https://www.copart.com/lot/49268806/salvage-2015-honda-cr-v-touring-ct-hartford,49268806,"13,143 USD",04/21/2026 03:00 pm GMT+1,2015,HOND,CR-V,2.4L 4,4,5J6RM4H91FL******,CERT OF TITLE-SALVAGE,"125,522 A",ACTUAL,REAR END,450 USD,0 USD,2088,CT - HARTFORD,0,N/A,N/A
https://www.copart.com/lot/49242956/salvage-2012-acura-tsx-tech-ct-hartford,49242956,"7,459 USD",04/21/2026 03:00 pm GMT+1,2012,ACUR,TSX,2.4L 4,4,JH4CU2F67CC******,CERT OF TITLE-SALVAGE,"153,517 A",ACTUAL,FRONT END,450 USD,0 USD,2308,CT - HARTFORD,0,N/A,N/A
https://www.copart.com/lot/49235426/salvage-2022-mazda-cx-30-preferred-ct-hartford,49235426,"22,651 USD",04/21/2026 03:00 pm GMT+1,2022,MAZD,CX-30,2.5L 4,4,3MVDMBCL5NM******,CERT OF TITLE-SALVAGE,"25,113 A",ACTUAL,FRONT END,900 USD,0 USD,188,CT - HARTFORD,0,N/A,N/A
https://www.copart.com/lot/49223166/clean-title-2014-land-rover-lr4-hse-luxury-ct-hartford,49223166,"17,700 USD",04/21/2026 03:00 pm GMT+1,2014,LAND,LR4,3.0L 6,6,SALAK2V62EA******,CERTIFICATE OF TITLE,"144,823 A",ACTUAL,MECHANICAL,500 USD,0 USD,2086,CT - HARTFORD,0,N/A,N/A
https://www.copart.com/lot/49170576/salvage-2023-honda-accord-hybrid-sport-l-ct-hartford,49170576,"29,097 USD",04/21/2026 03:00 pm GMT+1,2023,HOND,ACCORD,2.0L 4,4,1HGCY2F74PA******,CERT OF TITLE-SALVAGE,"24,405 A",ACTUAL,FRONT END,"3,500 USD",0 USD,98,CT - HARTFORD,0,N/A,N/A
https://www.copart.com/lot/49164526/clean-title-2011-gmc-savana-g1500-ct-hartford,49164526,"2,400 USD",04/21/2026 03:00 pm GMT+1,2011,GMC,SAVANA,5.3L 8,8,1GTS7AF4XB1******,CERTIFICATE OF TITLE,"287,111 A",ACTUAL,FRONT END,475 USD,0 USD,46,CT - HARTFORD,0,N/A,N/A
https://www.copart.com/lot/49137076/clean-title-2007-toyota-corolla-le-ct-hartford,49137076,"6,575 USD",04/21/2026 03:00 pm GMT+1,2007,TOYT,COROLLA,1.8L 4,4,2T1BR32E87C******,CERTIFICATE OF TITLE,"224,117 A",ACTUAL,MECHANICAL,450 USD,0 USD,2265,CT - HARTFORD,0,N/A,N/A
https://www.copart.com/lot/49134756/clean-title-2009-toyota-tacoma-access-cab-ct-hartford,49134756,0 USD,04/21/2026 03:00 pm GMT+1,2009,TOYT,TACOMA,4.0L 6,6,5TEUU42N99Z******,CERTIFICATE OF TITLE,"222,348 A",ACTUAL,REAR END,475 USD,0 USD,63,CT - HARTFORD,0,N/A,N/A
https://www.copart.com/lot/49133846/clean-title-2011-jeep-wrangler-sport-ct-hartford,49133846,"1,800 USD",04/21/2026 03:00 pm GMT+1,2011,JEP,WRANGLER,3.8L 6,6,1J4AA2D14BL******,CERTIFICATE OF TITLE,"163,362 N",NOT ACTUAL,MECHANICAL,450 USD,0 USD,68,CT - HARTFORD,0,N/A,N/A
https://www.copart.com/lot/49122346/salvage-2007-nissan-frontier-se-ct-hartford,49122346,"8,282 USD",04/21/2026 03:00 pm GMT+1,2007,NISS,FRONTIER,4.0L 6,6,1N6AD07W67C******,CERT OF TITLE-SALVAGE,"153,911 A",ACTUAL,REAR END,450 USD,0 USD,2320,CT - HARTFORD,0,N/A,N/A
https://www.copart.com/lot/49114096/salvage-2012-ford-fusion-sel-ct-hartford,49114096,"7,387 USD",04/21/2026 03:00 pm GMT+1,2012,FORD,FUSION,3.0L 6,6,3FAHP0CG7CR******,CERT OF TITLE-SALVAGE,"129,852 A",ACTUAL,FRONT END,475 USD,0 USD,193,CT - HARTFORD,0,N/A,N/A
https://www.copart.com/lot/49103806/clean-title-2016-jeep-grand-cherokee-limited-ct-hartford,49103806,"9,425 USD",04/21/2026 03:00 pm GMT+1,2016,JEP,GRAND CHEROKEE,3.6L 6,6,1C4RJFBG1GC******,CERTIFICATE OF TITLE,"255,389 A",ACTUAL,FRONT END,475 USD,0 USD,2517,CT - HARTFORD,0,N/A,N/A
https://www.copart.com/lot/49103076/salvage-2010-toyota-corolla-base-ct-hartford,49103076,"7,072 USD",04/21/2026 03:00 pm GMT+1,2010,TOYT,COROLLA,1.8L 4,4,2T1BU4EE3AC******,CERT OF TITLE-SALVAGE,"127,523 A",ACTUAL,FRONT END,450 USD,0 USD,2048,CT - HARTFORD,0,N/A,N/A
https://www.copart.com/lot/49081376/salvage-2011-jeep-grand-cherokee-laredo-ct-hartford,49081376,"6,789 USD",04/21/2026 03:00 pm GMT+1,2011,JEP,GRAND CHEROKEE,3.6L 6,6,1J4RR4GG0BC******,CERT OF TITLE-SALVAGE,0 N,NOT ACTUAL,FRONT END,450 USD,0 USD,2032,CT - HARTFORD,0,N/A,N/A
https://www.copart.com/lot/49029826/salvage-2015-toyota-rav4-xle-ct-hartford,49029826,"14,508 USD",04/21/2026 03:00 pm GMT+1,2015,TOYT,RAV4,2.5L 4,4,JTMRFREV8FJ******,CERT OF TITLE-SALVAGE,"95,342 A",ACTUAL,FRONT END,"2,600 USD",0 USD,144,CT - HARTFORD,0,N/A,N/A
https://www.copart.com/lot/49025406/salvage-2020-chevrolet-corvette-stingray-3lt-ct-hartford,49025406,"70,281 USD",04/21/2026 03:00 pm GMT+1,2020,CHEV,CORVETTE,6.2L 8,8,1G1Y83D41L5******,CERT OF TITLE-SALVAGE,0 N,NOT ACTUAL,FRONT END,625 USD,0 USD,2074,CT - HARTFORD,0,N/A,N/A
https://www.copart.com/lot/49015786/clean-title-2006-toyota-sienna-le-8-passenger-ct-hartford,49015786,0 USD,04/21/2026 03:00 pm GMT+1,2006,TOYT,SIENNA,3.3L 6,6,5TDZA23C46S******,CERTIFICATE OF TITLE,"275,801 A",ACTUAL,SIDE,475 USD,0 USD,2252,CT - HARTFORD,0,N/A,N/A
https://www.copart.com/lot/48983496/salvage-2004-acura-3-5rl-ct-hartford,48983496,"3,211 USD",04/21/2026 03:00 pm GMT+1,2004,ACUR,3.5RL,3.5L 6,6,JH4KA96624C******,CERT OF TITLE-SALVAGE,"229,627 A",ACTUAL,FRONT END,450 USD,0 USD,2264,CT - HARTFORD,0,N/A,N/A
https://www.copart.com/lot/48973016/salvage-2013-volvo-s60-t5-ct-hartford,48973016,"7,049 USD",04/21/2026 03:00 pm GMT+1,2013,VOLV,S60,2.5L 5,5,YV1612FS9D1******,CERT OF TITLE-SALVAGE,"103,365 A",ACTUAL,FRONT END,475 USD,0 USD,159,CT - HARTFORD,0,N/A,N/A
https://www.copart.com/lot/48924506/clean-title-2015-bmw-328-i-sulev-ct-hartford,48924506,0 USD,04/21/2026 03:00 pm GMT+1,2015,BMW,328,2.0L 4,4,WBA3C1C53FP******,CERTIFICATE OF TITLE,"111,327 A",ACTUAL,FRONT END,"2,550 USD",0 USD,2273,CT - HARTFORD,0,N/A,N/A
https://www.copart.com/lot/48923466/salvage-2012-dodge-grand-caravan-se-ct-hartford,48923466,"3,232 USD",04/21/2026 03:00 pm GMT+1,2012,DODG,GRAND CARAVAN,3.6L 6,6,2C4RDGBG4CR******,CERT OF TITLE-SALVAGE,"188,203 A",ACTUAL,FRONT END,450 USD,0 USD,2282,CT - HARTFORD,0,N/A,N/A
https://www.copart.com/lot/48903776/clean-title-2007-scion-tc-base-ct-hartford,48903776,0 USD,04/21/2026 03:00 pm GMT+1,2007,SCIO,TC,2.4L 4,4,JTKDE177X70******,CERTIFICATE OF TITLE,"219,426 A",ACTUAL,SIDE,450 USD,0 USD,2270,CT - HARTFORD,0,N/A,N/A
https://www.copart.com/lot/48879726/clean-title-2019-audi-e-tron-prestige-ct-hartford,48879726,0 USD,04/21/2026 03:00 pm GMT+1,2019,AUDI,E-TRON,,,WA1VAAGE7KB******,CERTIFICATE OF TITLE (P),"113,784 A",ACTUAL,MINOR DENT/SCRATCHES,"5,100 USD",0 USD,187,CT - HARTFORD,0,N/A,N/A
https://www.copart.com/lot/48875436/clean-title-2019-mercedes-benz-glc-63-4matic-amg-ct-hartford,48875436,"54,782 USD",04/21/2026 03:00 pm GMT+1,2019,MERZ,GLC,4.0L 8,8,WDC0G8JB3KF******,CERT OF TITLE-REBUILT SALVAGE,"48,488 A",ACTUAL,REAR END,"3,200 USD",0 USD,2029,CT - HARTFORD,0,N/A,N/A
https://www.copart.com/lot/48825786/salvage-2013-infiniti-jx35-base-ct-hartford,48825786,"6,716 USD",04/21/2026 03:00 pm GMT+1,2013,INFI,JX35,3.5L 6,6,5N1AL0MM9DC******,CERT OF TITLE-SALVAGE,"182,583 A",ACTUAL,FRONT END,450 USD,0 USD,2312,CT - HARTFORD,0,N/A,N/A
https://www.copart.com/lot/48819796/salvage-2006-hyundai-elantra-gls-ct-hartford,48819796,"4,807 USD",04/21/2026 03:00 pm GMT+1,2006,HYUN,ELANTRA,2.0L 4,4,KMHDN46D36U******,CERT OF TITLE-SALVAGE,"45,205 A",ACTUAL,SIDE,450 USD,0 USD,106,CT - HARTFORD,0,N/A,N/A
https://www.copart.com/lot/48788866/clean-title-2016-hyundai-tucson-sport-ct-hartford,48788866,"1,800 USD",04/21/2026 03:00 pm GMT+1,2016,HYUN,TUCSON,1.6L 4,4,KM8J3CA25GU******,CERTIFICATE OF TITLE,"139,298 A",ACTUAL,MECHANICAL,475 USD,0 USD,73,CT - HARTFORD,0,N/A,N/A
https://www.copart.com/lot/48752376/salvage-2011-toyota-corolla-le-ct-hartford,48752376,"7,342 USD",04/21/2026 03:00 pm GMT+1,2011,TOYT,COROLLA,1.8L 4,4,2T1BU4EE5BC******,CERT OF TITLE-SALVAGE,"161,723 A",ACTUAL,REAR END,475 USD,0 USD,2251,CT - HARTFORD,0,N/A,N/A
https://www.copart.com/lot/48746346/salvage-2007-lexus-gx-470-base-ct-hartford,48746346,"5,550 USD",04/21/2026 03:00 pm GMT+1,2007,LEXS,GX 470,4.7L 8,8,JTJBT20X170******,CERT OF TITLE-SALVAGE,"205,334 A",ACTUAL,SIDE,500 USD,0 USD,2302,CT - HARTFORD,0,N/A,N/A
https://www.copart.com/lot/48732386/salvage-2016-hyundai-elantra-se-ct-hartford,48732386,"8,367 USD",04/21/2026 03:00 pm GMT+1,2016,HYUN,ELANTRA,1.8L 4,4,5NPDH4AE0GH******,CERT OF TITLE-SALVAGE,"79,793 A",ACTUAL,REAR END,950 USD,0 USD,2518,CT - HARTFORD,0,N/A,N/A
https://www.copart.com/lot/48686456/salvage-2008-bmw-x3-3-0si-ct-hartford,48686456,"2,841 USD",04/21/2026 03:00 pm GMT+1,2008,BMW,X3,3.0L 6,6,WBXPC93478W******,CERT OF TITLE-SALVAGE,"178,811 A",ACTUAL,REAR END,450 USD,0 USD,2093,CT - HARTFORD,0,N/A,N/A
https://www.copart.com/lot/48667726/clean-title-2020-mercedes-benz-glc-300-4matic-ct-hartford,48667726,0 USD,04/21/2026 03:00 pm GMT+1,2020,MERZ,GLC,2.0L 4,4,W1N0G8EB4LF******,CERTIFICATE OF TITLE (P),"124,477 A",ACTUAL,FRONT END,"8,800 USD",0 USD,60,CT - HARTFORD,0,N/A,N/A
https://www.copart.com/lot/48667516/clean-title-2011-lexus-rx-450h-base-ct-hartford,48667516,0 USD,04/21/2026 03:00 pm GMT+1,2011,LEXS,RX 450H,3.5L 6,6,JTJBC1BA0B2******,CERTIFICATE OF TITLE (P),"222,198 A",ACTUAL,MINOR DENT/SCRATCHES,"4,000 USD",0 USD,58,CT - HARTFORD,0,N/A,N/A
https://www.copart.com/lot/48648576/salvage-2006-buick-lacrosse-cxl-ct-hartford,48648576,"6,515 USD",04/21/2026 03:00 pm GMT+1,2006,BUIC,LACROSSE,3.8L 6,6,2G4WD582061******,CERT OF TITLE-SALVAGE,"87,953 A",ACTUAL,FRONT END,450 USD,0 USD,2296,CT - HARTFORD,0,N/A,N/A
https://www.copart.com/lot/48636716/salvage-2002-bmw-motorrad-325-ci-ct-hartford,48636716,"7,500 USD",04/21/2026 03:00 pm GMT+1,2002,BMW,325,2.5L 6,6,WBABS33482J******,BILL OF SALE-SALVAGE,"139,232 A",ACTUAL,SIDE,500 USD,0 USD,120,CT - HARTFORD,0,N/A,N/A
https://www.copart.com/lot/48606076/salvage-2010-toyota-camry-le-ct-hartford,48606076,"6,142 USD",04/21/2026 03:00 pm GMT+1,2010,TOYT,CAMRY,2.5L 4,4,4T4BF3EK5AR******,CERT OF TITLE-SALVAGE,"171,365 E",EXEMPT,SIDE,475 USD,0 USD,2260,CT - HARTFORD,0,N/A,N/A
https://www.copart.com/lot/48596896/salvage-2016-toyota-highlander-le-plus-ct-hartford,48596896,"10,959 USD",04/21/2026 03:00 pm GMT+1,2016,TOYT,HIGHLANDER,3.5L 6,6,5TDBKRFH8GS******,CERT OF TITLE-SALVAGE,"197,835 A",ACTUAL,SIDE,750 USD,0 USD,2292,CT - HARTFORD,0,N/A,N/A
https://www.copart.com/lot/48595706/salvage-2017-mercedes-benz-c-300-4matic-ct-hartford,48595706,"21,016 USD",04/21/2026 03:00 pm GMT+1,2017,MERZ,C,2.0L 4,4,55SWF4KB4HU******,CERT OF TITLE-SALVAGE,0 N,NOT ACTUAL,FRONT END,550 USD,0 USD,2070,CT - HARTFORD,0,N/A,N/A
https://www.copart.com/lot/48591026/clean-title-2016-jeep-cherokee-trailhawk-ct-hartford,48591026,"10,300 USD",04/21/2026 03:00 pm GMT+1,2016,JEP,CHEROKEE,3.2L 6,6,1C4PJMBS1GW******,CERTIFICATE OF TITLE,"166,986 A",ACTUAL,UNDERCARRIAGE,475 USD,0 USD,185,CT - HARTFORD,0,N/A,N/A
https://www.copart.com/lot/48580116/2017-jeep-wrangler-unlimited-sahara-ct-hartford,48580116,"19,368 USD",04/21/2026 03:00 pm GMT+1,2017,JEP,WRANGLER UNLIMITED,3.6L  6,6,1C4BJWEG8HL******,CERT OF TITLE-PARTS ONLY SALVA,"121,452 A",ACTUAL,REAR END,475 USD,0 USD,147,CT - HARTFORD,0,N/A,N/A
https://www.copart.com/lot/48579616/clean-title-2016-bmw-x6-xdrive35i-ct-hartford,48579616,0 USD,04/21/2026 03:00 pm GMT+1,2016,BMW,X6,3.0L 6,6,5UXKU2C53G0******,CERTIFICATE OF TITLE (P),"120,604 A",ACTUAL,REAR END,"7,500 USD",0 USD,55,CT - HARTFORD,0,N/A,N/A
https://www.copart.com/lot/48564706/salvage-2017-ford-escape-se-ct-hartford,48564706,"7,040 USD",04/21/2026 03:00 pm GMT+1,2017,FORD,ESCAPE,2.0L 4,4,1FMCU9G92HU******,CERT OF TITLE-SALVAGE,"151,995 A",ACTUAL,FRONT END,450 USD,0 USD,2513,CT - HARTFORD,0,N/A,N/A
https://www.copart.com/lot/48535616/clean-title-2020-mercedes-benz-gle-350-4matic-ct-hartford,48535616,0 USD,04/21/2026 03:00 pm GMT+1,2020,MERZ,GLE,2.0L 4,4,4JGFB4KB6LA******,CERTIFICATE OF TITLE,"121,365 A",ACTUAL,MINOR DENT/SCRATCHES,"18,500 USD",0 USD,61,CT - HARTFORD,0,N/A,N/A
https://www.copart.com/lot/48503616/salvage-2025-honda-civic-sport-ct-hartford,48503616,"27,291 USD",04/21/2026 03:00 pm GMT+1,2025,HOND,CIVIC,2.0L 4,4,19XFL2H82SE******,CERT OF TITLE-SALVAGE,"2,291 A",ACTUAL,FRONT END,"7,100 USD",0 USD,168,CT - HARTFORD,0,N/A,N/A
https://www.copart.com/lot/48493696/salvage-2005-ford-focus-zxw-ct-hartford,48493696,"3,144 USD",04/21/2026 03:00 pm GMT+1,2005,FORD,FOCUS,2.0L 4,4,1FAFP36N35W******,CERT OF TITLE-SALVAGE,"190,071 A",ACTUAL,FRONT END,450 USD,0 USD,2514,CT - HARTFORD,0,N/A,N/A
https://www.copart.com/lot/48476396/salvage-2014-toyota-prius-v-three-ct-hartford,48476396,"11,036 USD",04/21/2026 03:00 pm GMT+1,2014,TOYT,PRIUS V,1.8L 4,4,JTDZN3EUXEJ******,CERT OF TITLE-SALVAGE,0 N,NOT ACTUAL,MECHANICAL,550 USD,0 USD,2090,CT - HARTFORD,0,N/A,N/A
https://www.copart.com/lot/48466116/salvage-2012-gmc-sierra-k1500-slt-ct-hartford,48466116,"9,025 USD",04/21/2026 03:00 pm GMT+1,2012,GMC,SIERRA,5.3L 8,8,1GTR2WE73CZ******,CERT OF TITLE-SALVAGE,"214,057 A",ACTUAL,FRONT END,450 USD,0 USD,2020,CT - HARTFORD,0,N/A,N/A
https://www.copart.com/lot/48441596/clean-title-2013-toyota-prius-c-two-ct-hartford,48441596,0 USD,04/21/2026 03:00 pm GMT+1,2013,TOYT,PRIUS C,1.5L 4,4,JTDKDTB34D1******,CERTIFICATE OF TITLE,"268,903 A",ACTUAL,SIDE,0 USD,0 USD,2076,CT - HARTFORD,0,N/A,N/A
https://www.copart.com/lot/48396236/salvage-2025-toyota-camry-se-ct-hartford,48396236,"29,876 USD",04/21/2026 03:00 pm GMT+1,2025,TOYT,CAMRY,2.5L 4,4,4T1DBADK9SU******,CERT OF TITLE-SALVAGE,"7,417 A",ACTUAL,FRONT END,625 USD,0 USD,2061,CT - HARTFORD,0,N/A,N/A
https://www.copart.com/lot/48391486/salvage-2021-honda-cr-v-exl-ct-hartford,48391486,"26,622 USD",04/21/2026 03:00 pm GMT+1,2021,HOND,CR-V,1.5L 4,4,2HKRW2H83MH******,CERT OF TITLE-SALVAGE,"37,158 A",ACTUAL,REAR END,"7,300 USD",0 USD,156,CT - HARTFORD,0,N/A,N/A
https://www.copart.com/lot/48387806/clean-title-2015-mercedes-benz-gl-450-4matic-ct-hartford,48387806,0 USD,04/21/2026 03:00 pm GMT+1,2015,MERZ,GL,3.0L 6,6,4JGDF6EE5FA******,CERT OF TITLE (P),"122,443 A",ACTUAL,MINOR DENT/SCRATCHES,"5,200 USD",0 USD,59,CT - HARTFORD,0,N/A,N/A
https://www.copart.com/lot/48346536/salvage-2013-hyundai-elantra-gls-ct-hartford,48346536,"5,410 USD",04/21/2026 03:00 pm GMT+1,2013,HYUN,ELANTRA,1.8L 4,4,5NPDH4AE7DH******,CERT OF TITLE-SALVAGE,"249,223 A",ACTUAL,REAR END,450 USD,0 USD,2330,CT - HARTFORD,0,N/A,N/A
https://www.copart.com/lot/48329366/salvage-2023-ford-f150-supercrew-ct-hartford,48329366,"58,851 USD",04/21/2026 03:00 pm GMT+1,2023,FORD,F150,3.5L 6,6,1FTFW1ED0PF******,CERT OF TITLE-SALVAGE,"58,784 A",ACTUAL,FRONT END,800 USD,0 USD,182,CT - HARTFORD,0,N/A,N/A
https://www.copart.com/lot/48307946/clean-title-2021-ram-1500-classic-slt-ct-hartford,48307946,"28,775 USD",04/21/2026 03:00 pm GMT+1,2021,RAM,1500 CLASSIC,5.7L 8,8,1C6RR7GT6MS******,CERTIFICATE OF TITLE (P),"43,502 A",ACTUAL,NORMAL WEAR,0 USD,0 USD,160,CT - HARTFORD,0,N/A,N/A
https://www.copart.com/lot/48285016/salvage-2019-subaru-forester-sport-ct-hartford,48285016,"14,801 USD",04/21/2026 03:00 pm GMT+1,2019,SUBA,FORESTER,2.5L 4,4,JF2SKAJC9KH******,CERT OF TITLE-SALVAGE,"152,128 A",ACTUAL,SIDE,500 USD,0 USD,2023,CT - HARTFORD,0,N/A,N/A
https://www.copart.com/lot/48270826/salvage-2018-honda-accord-sport-ct-hartford,48270826,0 USD,04/21/2026 03:00 pm GMT+1,2018,HOND,ACCORD,1.5L 4,4,1HGCV1F3XJA******,CERT OF TITLE SLVG REBUILDABLE,"76,628 A",ACTUAL,FRONT END,"6,300 USD",0 USD,2300,CT - HARTFORD,0,N/A,N/A
https://www.copart.com/lot/48180756/clean-title-2007-nissan-frontier-xe-ct-hartford,48180756,0 USD,04/21/2026 03:00 pm GMT+1,2007,NISS,FRONTIER,2.5L 4,4,1N6BD06T67C******,CERTIFICATE OF TITLE (P),"182,700 A",ACTUAL,NORMAL WEAR,450 USD,0 USD,163,CT - HARTFORD,0,N/A,N/A
https://www.copart.com/lot/48153846/salvage-2017-nissan-altima-2-5-s-ct-hartford,48153846,"7,616 USD",04/21/2026 03:00 pm GMT+1,2017,NISS,ALTIMA,2.5L 4,4,1N4AL3AP5HC******,CERT OF TITLE-SALVAGE,"139,167 A",ACTUAL,FRONT END,475 USD,0 USD,195,CT - HARTFORD,0,N/A,N/A
https://www.copart.com/lot/48120906/clean-title-2013-audi-q5-premium-plus-ct-hartford,48120906,0 USD,04/21/2026 03:00 pm GMT+1,2013,AUDI,Q5,2.0L 4,4,WA1LFAFP4DA******,CERTIFICATE OF TITLE (P),"152,074 A",ACTUAL,MINOR DENT/SCRATCHES,450 USD,0 USD,2261,CT - HARTFORD,0,N/A,N/A
https://www.copart.com/lot/48106986/2019-ram-promaster-2500-2500-high-ct-hartford,48106986,0 USD,04/21/2026 03:00 pm GMT+1,2019,RAM,PROMASTER 2500,3.6L 6,6,3C6TRVDG9KE******,CERT OF TITLE-PARTS ONLY SALVA (P),0 N,NOT ACTUAL,FRONT END,0 USD,0 USD,823,CT - HARTFORD,0,N/A,N/A
https://www.copart.com/lot/48101886/salvage-2010-honda-pilot-exl-ct-hartford,48101886,"3,447 USD",04/21/2026 03:00 pm GMT+1,2010,HOND,PILOT,3.5L 6,6,5FNYF4H5XAB******,CERT OF TITLE-SALVAGE,"202,801 A",ACTUAL,UNDERCARRIAGE,450 USD,0 USD,37,CT - HARTFORD,0,N/A,N/A
https://www.copart.com/lot/48060826/salvage-2017-nissan-rogue-s-ct-hartford,48060826,"10,287 USD",04/21/2026 03:00 pm GMT+1,2017,NISS,ROGUE,2.5L 4,4,JN8AT2MV6HW******,CERT OF TITLE-SALVAGE,"103,727 A",ACTUAL,FRONT END,475 USD,0 USD,81,CT - HARTFORD,0,N/A,N/A
https://www.copart.com/lot/48013796/clean-title-2004-dodge-ram-2500-st-ct-hartford,48013796,0 USD,04/21/2026 03:00 pm GMT+1,2004,DODG,RAM 2500,5.7L 8,8,1D7KU28D94J******,CERTIFICATE OF TITLE,"135,803 A",ACTUAL,MINOR DENT/SCRATCHES,475 USD,0 USD,2322,CT - HARTFORD,0,N/A,N/A
https://www.copart.com/lot/48008626/salvage-2020-ford-transit-t-350-cargo-van-***-prior-fleet-***-ct-hartford,48008626,"39,850 USD",04/21/2026 03:00 pm GMT+1,2020,FORD,TRANSIT,3.5L 6,6,1FTBW3X80LK******,CERT OF TITLE-SALVAGE,"107,430 A",ACTUAL,ALL OVER,"3,700 USD",0 USD,821,CT - HARTFORD,0,N/A,N/A
https://www.copart.com/lot/48001366/salvage-2017-volvo-s60-premier-ct-hartford,48001366,"12,070 USD",04/21/2026 03:00 pm GMT+1,2017,VOLV,S60,2.0L 4,4,LYV402TK6HB******,CERT OF TITLE-SALVAGE,"112,262 A",ACTUAL,SIDE,450 USD,0 USD,2301,CT - HARTFORD,0,N/A,N/A
https://www.copart.com/lot/47977776/clean-title-2018-nissan-frontier-s-ct-hartford,47977776,0 USD,04/21/2026 03:00 pm GMT+1,2018,NISS,FRONTIER,2.5L 4,4,1N6BD0CTXJN******,CERTIFICATE OF TITLE,"93,868 A",ACTUAL,SIDE,525 USD,0 USD,2329,CT - HARTFORD,0,N/A,N/A
https://www.copart.com/lot/47975786/salvage-2014-honda-odyssey-ex-ct-hartford,47975786,"8,481 USD",04/21/2026 03:00 pm GMT+1,2014,HOND,ODYSSEY,3.5L 6,6,5FNRL5H42EB******,CERT OF TITLE-SALVAGE,"129,304 A",ACTUAL,FRONT END,550 USD,0 USD,151,CT - HARTFORD,0,N/A,N/A
https://www.copart.com/lot/47972956/salvage-2009-toyota-yaris-base-ct-hartford,47972956,"6,923 USD",04/21/2026 03:00 pm GMT+1,2009,TOYT,YARIS,1.5L 4,4,JTDBT923X94******,CERT OF TITLE-SALVAGE,"69,185 A",ACTUAL,BIOHAZARD/CHEMICAL,"1,150 USD",0 USD,38,CT - HARTFORD,0,N/A,N/A
https://www.copart.com/lot/47969956/salvage-2019-gmc-yukon-denali-ct-hartford,47969956,"34,721 USD",04/21/2026 03:00 pm GMT+1,2019,GMC,YUKON,6.2L 8,8,1GKS2CKJ9KR******,CERT OF TITLE-SALVAGE,"83,300 A",ACTUAL,FRONT END,"3,450 USD",0 USD,2095,CT - HARTFORD,0,N/A,N/A
https://www.copart.com/lot/47941976/clean-title-2006-toyota-rav4-base-ct-hartford,47941976,"2,700 USD",04/21/2026 03:00 pm GMT+1,2006,TOYT,RAV4,2.4L 4,4,JTMBD33V266******,CERTIFICATE OF TITLE,"238,999 A",ACTUAL,FRONT END,450 USD,0 USD,2083,CT - HARTFORD,0,N/A,N/A
https://www.copart.com/lot/47939656/salvage-2012-toyota-prius-c-three-ct-hartford,47939656,"7,594 USD",04/21/2026 03:00 pm GMT+1,2012,TOYT,PRIUS C,1.5L 4,4,JTDKDTB31C1******,CERT OF TITLE-SALVAGE,"163,502 A",ACTUAL,REAR END,450 USD,0 USD,36,CT - HARTFORD,0,N/A,N/A
https://www.copart.com/lot/47883266/salvage-2015-chevrolet-silverado-k1500-ct-hartford,47883266,"15,916 USD",04/21/2026 03:00 pm GMT+1,2015,CHEV,SILVERADO,4.3L 6,6,1GCVKPEH6FZ******,CERT OF TITLE-SALVAGE,"84,986 A",ACTUAL,FRONT END,875 USD,0 USD,2001,CT - HARTFORD,0,N/A,N/A
https://www.copart.com/lot/47879006/clean-title-2006-toyota-corolla-le-ct-hartford,47879006,"3,100 USD",04/21/2026 03:00 pm GMT+1,2006,TOYT,COROLLA,1.8L 4,4,2T1BR32E46C******,CERTIFICATE OF TITLE,"299,999 A",ACTUAL,SIDE,450 USD,0 USD,2255,CT - HARTFORD,0,N/A,N/A
https://www.copart.com/lot/47843216/clean-title-2015-chevrolet-silverado-k1500-lt-ct-hartford,47843216,0 USD,04/21/2026 03:00 pm GMT+1,2015,CHEV,SILVERADO,5.3L 8,8,1GCVKREC7FZ******,CERTIFICATE OF TITLE (P),0 N,NOT ACTUAL,MINOR DENT/SCRATCHES,0 USD,0 USD,2024,CT - HARTFORD,0,N/A,N/A
https://www.copart.com/lot/47824966/salvage-2018-subaru-crosstrek-limited-ct-hartford,47824966,"15,391 USD",04/21/2026 03:00 pm GMT+1,2018,SUBA,CROSSTREK,2.0L 4,4,JF2GTALC3JH******,CERT OF TITLE-SALVAGE,"119,763 A",ACTUAL,FRONT END,475 USD,0 USD,124,CT - HARTFORD,0,N/A,N/A
https://www.copart.com/lot/47807786/salvage-2011-ford-focus-se-ct-hartford,47807786,"6,054 USD",04/21/2026 03:00 pm GMT+1,2011,FORD,FOCUS,2.0L 4,4,1FAHP3FN0BW******,CERT OF TITLE-SALVAGE,"90,709 A",ACTUAL,FRONT END,450 USD,0 USD,161,CT - HARTFORD,0,N/A,N/A
https://www.copart.com/lot/47763596/clean-title-2012-subaru-outback-2-5i-limited-ct-hartford,47763596,0 USD,04/21/2026 03:00 pm GMT+1,2012,SUBA,OUTBACK,2.5L 4,4,4S4BRBKC1C3******,CERTIFICATE OF TITLE,0 N,NOT ACTUAL,FRONT END,450 USD,0 USD,71,CT - HARTFORD,0,N/A,N/A
https://www.copart.com/lot/47761616/salvage-2022-ford-f150-raptor-ct-hartford,47761616,"81,695 USD",04/21/2026 03:00 pm GMT+1,2022,FORD,F150,3.5L 6,6,1FTFW1RG3NF******,SALVAGE CERTIFICATE OF TITLE,"26,389 A",ACTUAL,FRONT END,0 USD,0 USD,14,CT - HARTFORD,0,N/A,N/A
https://www.copart.com/lot/47754116/clean-title-2008-porsche-boxster-s-ct-hartford,47754116,0 USD,04/21/2026 03:00 pm GMT+1,2008,PORS,BOXSTER,3.4L 6,6,WP0CB298X8U******,SALVAGE CERT-REBUILT,"49,590 E",EXEMPT,NORMAL WEAR,"7,900 USD",0 USD,118,CT - HARTFORD,0,N/A,N/A
https://www.copart.com/lot/47748636/salvage-2009-niss-altima-2-5-ct-hartford,47748636,"4,678 USD",04/21/2026 03:00 pm GMT+1,2009,NISS,ALTIMA,2.5L 4,4,1N4AL21E09C******,CERT OF TITLE-SALVAGE,0 E,EXEMPT,FRONT END,450 USD,0 USD,2049,CT - HARTFORD,0,N/A,N/A
https://www.copart.com/lot/47718126/clean-title-2008-chevrolet-silverado-k1500-ct-hartford,47718126,"17,000 USD",04/21/2026 03:00 pm GMT+1,2008,CHEV,SILVERADO,5.3L 8,8,2GCEK13MX81******,CERTIFICATE OF TITLE,"254,201 A",ACTUAL,ALL OVER,475 USD,0 USD,2507,CT - HARTFORD,0,N/A,N/A
https://www.copart.com/lot/47703256/salvage-2015-volvo-xc60-t6-premier-ct-hartford,47703256,"7,960 USD",04/21/2026 03:00 pm GMT+1,2015,VOLV,XC60,3.0L 6,6,YV4902RK7F2******,CERT OF TITLE-SALVAGE,0 N,NOT ACTUAL,FRONT END,450 USD,0 USD,2047,CT - HARTFORD,0,N/A,N/A
https://www.copart.com/lot/47598296/clean-title-2012-hyundai-sonata-gls-ct-hartford,47598296,0 USD,04/21/2026 03:00 pm GMT+1,2012,HYUN,SONATA,2.4L 4,4,5NPEB4ACXCH******,CERTIFICATE OF TITLE,"72,577 A",ACTUAL,VANDALISM,600 USD,0 USD,140,CT - HARTFORD,2.8,N/A,N/A
https://www.copart.com/lot/47588686/salvage-2019-tesla-model-3-ct-hartford,47588686,"16,878 USD",04/21/2026 03:00 pm GMT+1,2019,TESL,MODEL 3,,,5YJ3E1EA8KF******,CERT OF TITLE-SALVAGE,"58,794 A",ACTUAL,FRONT END,"3,100 USD",0 USD,2028,CT - HARTFORD,0,N/A,N/A
https://www.copart.com/lot/47554086/salvage-2016-kia-soul-+-ct-hartford,47554086,"11,346 USD",04/21/2026 03:00 pm GMT+1,2016,KIA,SOUL,2.0L 4,4,KNDJP3A59G7******,CERT OF TITLE-SALVAGE,"60,678 A",ACTUAL,VANDALISM,475 USD,0 USD,2027,CT - HARTFORD,0,N/A,N/A
https://www.copart.com/lot/47525256/clean-title-2017-mazda-3-sport-ct-hartford,47525256,"6,050 USD",04/21/2026 03:00 pm GMT+1,2017,MAZD,3,2.0L 4,4,3MZBN1U74HM******,CERTIFICATE OF TITLE,"206,968 A",ACTUAL,FRONT END,450 USD,0 USD,2319,CT - HARTFORD,0,N/A,N/A
https://www.copart.com/lot/47507016/salvage-2014-bmw-328-xi-sulev-ct-hartford,47507016,"8,926 USD",04/21/2026 03:00 pm GMT+1,2014,BMW,328,2.0L 4,4,WBA3B5C52EP******,CERT OF TITLE-SALVAGE,"100,454 A",ACTUAL,FRONT END,475 USD,0 USD,2515,CT - HARTFORD,0,N/A,N/A
https://www.copart.com/lot/47505536/clean-title-2017-ford-transit-t-350-ct-hartford,47505536,0 USD,04/21/2026 03:00 pm GMT+1,2017,FORD,TRANSIT,3.7L 6,6,1FDBW5PM2HK******,CERT OF TITLE (P),"225,804 A",ACTUAL,MINOR DENT/SCRATCHES,"6,500 USD",0 USD,52,CT - HARTFORD,0,N/A,N/A
https://www.copart.com/lot/47494256/salvage-2014-jeep-wrangler-unlimited-sport-ct-hartford,47494256,"14,597 USD",04/21/2026 03:00 pm GMT+1,2014,JEP,WRANGLER UNLIMITED,3.6L 6,6,1C4BJWDG3EL******,CERT OF TITLE-SALVAGE,"106,331 A",ACTUAL,REAR END,"1,600 USD",0 USD,17,CT - HARTFORD,0,N/A,N/A
https://www.copart.com/lot/47468996/salvage-2013-volkswagen-tiguan-s-ct-hartford,47468996,"8,111 USD",04/21/2026 03:00 pm GMT+1,2013,VOLK,TIGUAN,2.0L 4,4,WVGBV3AX5DW******,CERT OF TITLE-SALVAGE,"97,433 A",ACTUAL,FRONT END,450 USD,0 USD,2508,CT - HARTFORD,0,N/A,N/A
https://www.copart.com/lot/47444046/salvage-2018-ram-promaster-city-ct-hartford,47444046,"8,045 USD",04/21/2026 03:00 pm GMT+1,2018,RAM,PROMASTER CITY,2.4L 4,4,ZFBERFAB7J6******,CERT OF TITLE-SALVAGE,"133,345 A",ACTUAL,SIDE,475 USD,0 USD,2332,CT - HARTFORD,0,N/A,N/A
https://www.copart.com/lot/47443186/clean-title-2013-icrp-3000-ce-ct-hartford,47443186,"24,824 USD",04/21/2026 03:00 pm GMT+1,2013,ICRP,3000,,,4DRBUSKP0DB******,CERTIFICATE OF TITLE,"116,398 A",ACTUAL,NORMAL WEAR,0 USD,0 USD,853,CT - HARTFORD,0,N/A,N/A
https://www.copart.com/lot/47436066/clean-title-2015-volkswagen-jetta-base-ct-hartford,47436066,0 USD,04/21/2026 03:00 pm GMT+1,2015,VOLK,JETTA,2L 4,4,3VW1K7AJ6FM******,CERTIFICATE OF TITLE,"188,784 A",ACTUAL,FRONT END,625 USD,0 USD,70,CT - HARTFORD,0,N/A,N/A
https://www.copart.com/lot/47406996/salvage-2023-mazda-cx-5-preferred-ct-hartford,47406996,"22,570 USD",04/21/2026 03:00 pm GMT+1,2023,MAZD,CX-5,2.5L 4,4,JM3KFBCMXP0******,MV-907A SALVAGE CERTIFICATE,"45,502 A",ACTUAL,FRONT END,"4,050 USD",0 USD,45,CT - HARTFORD,0,N/A,N/A
https://www.copart.com/lot/47400786/salvage-2021-toyota-corolla-se-ct-hartford,47400786,"18,388 USD",04/21/2026 03:00 pm GMT+1,2021,TOYT,COROLLA,2.0L 4,4,JTDP4MCE2MJ******,CERT OF TITLE-SALVAGE,"51,662 A",ACTUAL,FRONT END,675 USD,0 USD,22,CT - HARTFORD,0,N/A,N/A
https://www.copart.com/lot/47393316/salvage-2018-hyundai-tucson-sel-ct-hartford,47393316,"10,014 USD",04/21/2026 03:00 pm GMT+1,2018,HYUN,TUCSON,2.0L 4,4,KM8J3CA47JU******,CERT OF TITLE-SALVAGE,"106,882 A",ACTUAL,FRONT END,475 USD,0 USD,2509,CT - HARTFORD,0,N/A,N/A
https://www.copart.com/lot/47348126/salvage-2009-toyota-venza-fwd-4cyl-ct-hartford,47348126,"4,912 USD",04/21/2026 03:00 pm GMT+1,2009,TOYT,VENZA,2.7L 4,4,4T3ZE11A59U******,CERT OF TITLE-SALVAGE,"179,659 A",ACTUAL,FRONT END,600 USD,0 USD,2268,CT - HARTFORD,0,N/A,N/A
https://www.copart.com/lot/47346046/salvage-2020-nissan-armada-sl-ct-hartford,47346046,"16,166 USD",04/21/2026 03:00 pm GMT+1,2020,NISS,ARMADA,5.6L 8,8,JN8AY2ND4L9******,CERT OF TITLE-SALVAGE,"96,831 A",ACTUAL,REAR END,450 USD,0 USD,2505,CT - HARTFORD,0,N/A,N/A
https://www.copart.com/lot/47343566/salvage-2021-bmw-x3-xdrive30i-ct-hartford,47343566,"23,915 USD",04/21/2026 03:00 pm GMT+1,2021,BMW,X3,2.0L 4,4,5UXTY5C08M9******,CERT OF TITLE-SALVAGE,0 N,NOT ACTUAL,SIDE,"4,550 USD",0 USD,2050,CT - HARTFORD,0,N/A,N/A
https://www.copart.com/lot/47280286/salvage-2019-subaru-ascent-premium-ct-hartford,47280286,"16,190 USD",04/21/2026 03:00 pm GMT+1,2019,SUBA,ASCENT,2.4L 4,4,4S4WMACD6K3******,CERT OF TITLE-SALVAGE,0 N,NOT ACTUAL,FRONT END,450 USD,0 USD,2057,CT - HARTFORD,0,N/A,N/A
https://www.copart.com/lot/47274056/clean-title-2005-nissan-altima-2-5-ct-hartford,47274056,0 USD,04/21/2026 03:00 pm GMT+1,2005,NISS,ALTIMA,2.5L 4,4,1N4AL11D25C******,CERT OF TITLE-REBUILT,"175,649 A",ACTUAL,FRONT END,450 USD,0 USD,4,CT - HARTFORD,0,N/A,N/A
https://www.copart.com/lot/47249746/salvage-2019-mazda-3-preferred-ct-hartford,47249746,"14,312 USD",04/21/2026 03:00 pm GMT+1,2019,MAZD,3,2.5L 4,4,JM1BPAMM4K1******,CERT OF TITLE-SALVAGE,"98,015 A",ACTUAL,REAR END,"2,600 USD",0 USD,2267,CT - HARTFORD,0,N/A,N/A
https://www.copart.com/lot/47245716/salvage-2019-toyota-rav4-xle-premium-ct-hartford,47245716,"18,876 USD",04/21/2026 03:00 pm GMT+1,2019,TOYT,RAV4,2.5L 4,4,JTMA1RFV7KD******,CERT OF TITLE-SALVAGE,"127,262 A",ACTUAL,FRONT END,"4,900 USD",0 USD,95,CT - HARTFORD,0,N/A,N/A
https://www.copart.com/lot/47223236/salvage-2019-acura-rdx-advance-ct-hartford,47223236,"18,140 USD",04/21/2026 03:00 pm GMT+1,2019,ACUR,RDX,2.0L 4,4,5J8TC2H75KL******,CERT OF TITLE-SALVAGE,"158,620 A",ACTUAL,SIDE,575 USD,0 USD,21,CT - HARTFORD,0,N/A,N/A
https://www.copart.com/lot/47167126/salvage-2015-audi-a3-premium-ct-hartford,47167126,"7,890 USD",04/21/2026 03:00 pm GMT+1,2015,AUDI,A3,2.0L 4,4,WAUBFHFF2F1******,CERT OF TITLE-SALVAGE,"159,808 A",ACTUAL,FRONT END,450 USD,0 USD,91,CT - HARTFORD,0,N/A,N/A
https://www.copart.com/lot/47111996/salvage-2021-subaru-impreza-ct-hartford,47111996,"18,009 USD",04/21/2026 03:00 pm GMT+1,2021,SUBA,IMPREZA,2.0L 4,4,4S3GTAB63M3******,CERT OF TITLE-SALVAGE,0 N,NOT ACTUAL,FRONT END,450 USD,0 USD,2016,CT - HARTFORD,0,N/A,N/A
https://www.copart.com/lot/47049686/salvage-2015-toyota-highlander-le-plus-ct-hartford,47049686,"14,434 USD",04/21/2026 03:00 pm GMT+1,2015,TOYT,HIGHLANDER,3.5L 6,6,5TDBKRFH3FS******,CERT OF TITLE-SALVAGE,"129,347 A",ACTUAL,SIDE,475 USD,0 USD,2289,CT - HARTFORD,0,N/A,N/A
https://www.copart.com/lot/46998286/2003-toyota-sequoia-limited-ct-hartford,46998286,"3,682 USD",04/21/2026 03:00 pm GMT+1,2003,TOYT,SEQUOIA,4.7L 8,8,5TDBT48A53S******,BILL OF SALE - PARTS ONLY,"198,107 A",ACTUAL,FRONT END,450 USD,0 USD,2059,CT - HARTFORD,0,N/A,N/A
https://www.copart.com/lot/46982166/salvage-2015-audi-a5-premium-plus-ct-hartford,46982166,"10,060 USD",04/21/2026 03:00 pm GMT+1,2015,AUDI,A5,2.0L 4,4,WAUMFAFH1FN******,CERT OF TITLE-SALVAGE,"137,081 A",ACTUAL,FRONT END,950 USD,0 USD,132,CT - HARTFORD,0,N/A,N/A
https://www.copart.com/lot/46979406/salvage-2019-kia-sorento-lx-ct-hartford,46979406,"6,611 USD",04/21/2026 03:00 pm GMT+1,2019,KIA,SORENTO,2.4L 4,4,5XYPGDA31KG******,CERT OF TITLE-SALVAGE,"145,937 A",ACTUAL,FRONT END,475 USD,0 USD,2089,CT - HARTFORD,0,N/A,N/A
https://www.copart.com/lot/46896106/salvage-2018-volvo-xc60-t6-r-design-ct-hartford,46896106,"12,794 USD",04/21/2026 03:00 pm GMT+1,2018,VOLV,XC60,2.0L 4,4,LYVA22RM1JB******,CERT OF TITLE-SALVAGE,"128,221 A",ACTUAL,VANDALISM,"1,250 USD",0 USD,30,CT - HARTFORD,0,N/A,N/A
https://www.copart.com/lot/46895506/clean-title-2023-lexus-gx-460-base-ct-hartford,46895506,0 USD,04/21/2026 03:00 pm GMT+1,2023,LEXS,GX 460,4.6L 8,8,JTJAM7BX4P5******,CERTIFICATE OF TITLE,"117,601 A",ACTUAL,MINOR DENT/SCRATCHES,"26,500 USD",0 USD,65,CT - HARTFORD,0,N/A,N/A
https://www.copart.com/lot/46886526/salvage-2018-toyota-corolla-le-ct-hartford,46886526,"14,368 USD",04/21/2026 03:00 pm GMT+1,2018,TOYT,COROLLA,1.8L 4,4,2T1BURHE3JC******,CERT OF TITLE-SALVAGE,"67,375 A",ACTUAL,FRONT END,700 USD,0 USD,2039,CT - HARTFORD,0,N/A,N/A
https://www.copart.com/lot/46883276/clean-title-2013-chrysler-200-lx-ct-hartford,46883276,0 USD,04/21/2026 03:00 pm GMT+1,2013,CHRY,200,3.6L 6,6,1C3CCBAG1DN******,CERTIFICATE OF TITLE,"87,763 A",ACTUAL,MECHANICAL,0 USD,0 USD,170,CT - HARTFORD,0,N/A,N/A
https://www.copart.com/lot/46861476/salvage-2014-toyota-camry-le-ct-hartford,46861476,"11,380 USD",04/21/2026 03:00 pm GMT+1,2014,TOYT,CAMRY,2.5L 4,4,4T4BF1FK3ER******,SALVAGE VEHICLE TITLE,"80,988 A",ACTUAL,SIDE,700 USD,0 USD,112,CT - HARTFORD,0,N/A,N/A
https://www.copart.com/lot/46861136/salvage-2012-kia-forte-ex-ct-hartford,46861136,"5,648 USD",04/21/2026 03:00 pm GMT+1,2012,KIA,FORTE,2.0L 4,4,KNAFU4A29C5******,CERT OF TITLE-SALVAGE,"117,074 A",ACTUAL,SIDE,450 USD,0 USD,2524,CT - HARTFORD,0,N/A,N/A
https://www.copart.com/lot/46855506/salvage-2021-subaru-legacy-ct-hartford,46855506,"14,016 USD",04/21/2026 03:00 pm GMT+1,2021,SUBA,LEGACY,2.5L 4,4,4S3BWAB68M3******,CERT OF TITLE-SALVAGE,0 N,NOT ACTUAL,FRONT END,450 USD,0 USD,2065,CT - HARTFORD,0,N/A,N/A
https://www.copart.com/lot/46835256/salvage-2006-toyota-highlander-base-ct-hartford,46835256,"4,225 USD",04/21/2026 03:00 pm GMT+1,2006,TOYT,HIGHLANDER,3.3L 6,6,JTEEP21A660******,CERT OF TITLE-SALVAGE,"236,641 A",ACTUAL,FRONT END,450 USD,0 USD,39,CT - HARTFORD,0,N/A,N/A
https://www.copart.com/lot/46833296/salvage-2008-lincoln-townhouse-mkz-ct-hartford,46833296,"1,987 USD",04/21/2026 03:00 pm GMT+1,2008,LINC,MKZ,3.5L 6,6,3LNHM26T88R******,CERT OF TITLE-SALVAGE,"166,527 A",ACTUAL,FRONT END,450 USD,0 USD,1,CT - HARTFORD,0,N/A,N/A
https://www.copart.com/lot/46823756/salvage-2019-toyota-prius-xle-awd-e-ct-hartford,46823756,"19,883 USD",04/21/2026 03:00 pm GMT+1,2019,TOYT,PRIUS,1.8L 4,4,JTDL9RFU3K3******,CERT OF TITLE-SALVAGE,0 N,NOT ACTUAL,FRONT END,975 USD,0 USD,2062,CT - HARTFORD,0,N/A,N/A
https://www.copart.com/lot/46819206/salvage-2025-toyota-4runner-sr5-ct-hartford,46819206,"44,545 USD",04/21/2026 03:00 pm GMT+1,2025,TOYT,4RUNNER,2.4L 4,4,JTEVA5BR3S5******,CERT OF TITLE-SALVAGE (P),"12,911 A",ACTUAL,FRONT END,"14,200 USD",0 USD,49,CT - HARTFORD,0,N/A,N/A
https://www.copart.com/lot/46784226/salvage-2011-gmc-acadia-sle-ct-hartford,46784226,"2,749 USD",04/21/2026 03:00 pm GMT+1,2011,GMC,ACADIA,3.6L 6,6,1GKKVPED7BJ******,CERT OF TITLE-SALVAGE,"236,018 A",ACTUAL,FRONT END,450 USD,0 USD,2331,CT - HARTFORD,0,N/A,N/A
https://www.copart.com/lot/46729676/salvage-2020-honda-civic-exl-ct-hartford,46729676,"22,378 USD",04/21/2026 03:00 pm GMT+1,2020,HOND,CIVIC,1.5L 4,4,19XFC1F76LE******,CERT OF TITLE-SALVAGE,"34,790 A",ACTUAL,SIDE,"4,600 USD",0 USD,119,CT - HARTFORD,0,N/A,N/A
https://www.copart.com/lot/46710636/salvage-2024-lexus-rx-350-f-sport-handling-ct-hartford,46710636,"52,342 USD",04/21/2026 03:00 pm GMT+1,2024,LEXS,RX 350,2.4L 4,4,2T2BAMCA4RC******,CERT OF TITLE-SALVAGE,"30,848 A",ACTUAL,FRONT END,575 USD,0 USD,131,CT - HARTFORD,0,N/A,N/A
https://www.copart.com/lot/46670236/salvage-2009-honda-civic-ex-ct-hartford,46670236,"8,183 USD",04/21/2026 03:00 pm GMT+1,2009,HOND,CIVIC,1.8L 4,4,2HGFG12819H******,CERT OF TITLE-SALVAGE,"116,136 A",ACTUAL,SIDE,500 USD,0 USD,2290,CT - HARTFORD,0,N/A,N/A
https://www.copart.com/lot/46642476/salvage-2022-honda-ridgeline-rtl-ct-hartford,46642476,"29,335 USD",04/21/2026 03:00 pm GMT+1,2022,HOND,RIDGELINE,3.5L 6,6,5FPYK3F73NB******,CERT OF TITLE-SALVAGE,0 N,NOT ACTUAL,FRONT END,"3,200 USD",0 USD,2010,CT - HARTFORD,0,N/A,N/A
https://www.copart.com/lot/46624416/clean-title-2017-land-rover-discovery-hse-ct-hartford,46624416,"16,388 USD",04/21/2026 03:00 pm GMT+1,2017,LAND,DISCOVERY,3.0L 6,6,SALRRBBV3HA******,CERTIFICATE OF TITLE,0 N,NOT ACTUAL,NORMAL WEAR,900 USD,0 USD,2043,CT - HARTFORD,0,N/A,N/A
https://www.copart.com/lot/46620306/salvage-2019-dodge-durango-srt-ct-hartford,46620306,"30,160 USD",04/21/2026 03:00 pm GMT+1,2019,DODG,DURANGO,6.4L 8,8,1C4SDJGJ5KC******,CERT OF TITLE-SALVAGE,"88,525 A",ACTUAL,FRONT END,"4,300 USD",0 USD,2031,CT - HARTFORD,0,N/A,N/A
https://www.copart.com/lot/46615396/salvage-2007-chevrolet-silverado-k2500-heavy-duty-ct-hartford,46615396,"13,301 USD",04/21/2026 03:00 pm GMT+1,2007,CHEV,SILVERADO,6.6L 8,8,1GCHK29D27E******,CERT OF TITLE-SALVAGE,"210,857 A",ACTUAL,REAR END,525 USD,0 USD,2519,CT - HARTFORD,0,N/A,N/A
https://www.copart.com/lot/46613316/salvage-2019-honda-cr-v-ex-ct-hartford,46613316,"14,600 USD",04/21/2026 03:00 pm GMT+1,2019,HOND,CR-V,1.5L 4,4,JHLRW2H54KX******,CERT OF TITLE-SALVAGE,"141,632 A",ACTUAL,TOP/ROOF,"2,900 USD",0 USD,2316,CT - HARTFORD,0,N/A,N/A
https://www.copart.com/lot/46578536/salvage-2021-kia-sportage-lx-ct-hartford,46578536,"16,668 USD",04/21/2026 03:00 pm GMT+1,2021,KIA,SPORTAGE,2.4L 4,4,KNDPMCAC6M7******,CERT OF TITLE-SALVAGE,"43,413 A",ACTUAL,ROLLOVER,450 USD,0 USD,2033,CT - HARTFORD,0,N/A,N/A
https://www.copart.com/lot/46532656/salvage-2012-honda-cr-v-exl-ct-hartford,46532656,"6,723 USD",04/21/2026 03:00 pm GMT+1,2012,HOND,CR-V,2.4L 4,4,2HKRM4H79CH******,CERT OF TITLE-SALVAGE,"233,313 A",ACTUAL,FRONT END,"1,650 USD",0 USD,19,CT - HARTFORD,0,N/A,N/A
https://www.copart.com/lot/46525416/salvage-2021-hyundai-santa-fe-sel-ct-hartford,46525416,"19,886 USD",04/21/2026 03:00 pm GMT+1,2021,HYUN,SANTA FE,2.5L 4,4,5NMS6DAJ0MH******,CERT OF TITLE-SALVAGE,"58,762 A",ACTUAL,REAR END,"1,650 USD",0 USD,40,CT - HARTFORD,0,N/A,N/A
https://www.copart.com/lot/46521176/salvage-2022-subaru-outback-premium-ct-hartford,46521176,"20,363 USD",04/21/2026 03:00 pm GMT+1,2022,SUBA,OUTBACK,2.5L 4,4,4S4BTADC1N3******,CERT OF TITLE-SALVAGE,"64,252 A",ACTUAL,REAR END,475 USD,0 USD,152,CT - HARTFORD,0,N/A,N/A
https://www.copart.com/lot/46449396/salvage-2025-toyota-rav4-xle-ct-hartford,46449396,"35,485 USD",04/21/2026 03:00 pm GMT+1,2025,TOYT,RAV4,2.5L 4,4,2T3P1RFV9SC******,CERT OF TITLE-SALVAGE,"10,802 A",ACTUAL,REAR END,500 USD,0 USD,92,CT - HARTFORD,0,N/A,N/A
https://www.copart.com/lot/46417416/salvage-2023-volkswagen-jetta-sport-ct-hartford,46417416,"17,260 USD",04/21/2026 03:00 pm GMT+1,2023,VOLK,JETTA,1.5L 4,4,3VWBM7BU2PM******,CERT OF TITLE-SALVAGE,"27,935 A",ACTUAL,REAR END,975 USD,0 USD,117,CT - HARTFORD,0,N/A,N/A
https://www.copart.com/lot/46372206/salvage-2023-honda-civic-sport-ct-hartford,46372206,"22,835 USD",04/21/2026 03:00 pm GMT+1,2023,HOND,CIVIC,2.0L 4,4,2HGFE2F59PH******,CERT OF TITLE-SALVAGE,"36,815 A",ACTUAL,FRONT END,"2,850 USD",0 USD,191,CT - HARTFORD,0,N/A,N/A
https://www.copart.com/lot/46369826/salvage-2024-honda-accord-ex-ct-hartford,46369826,"23,366 USD",04/21/2026 03:00 pm GMT+1,2024,HOND,ACCORD,1.5L 4,4,1HGCY1F30RA******,CERT OF TITLE-SALVAGE,"64,369 A",ACTUAL,FRONT END,"3,300 USD",0 USD,15,CT - HARTFORD,0,N/A,N/A
https://www.copart.com/lot/46357886/salvage-2013-jeep-compass-sport-ct-hartford,46357886,"5,694 USD",04/21/2026 03:00 pm GMT+1,2013,JEP,COMPASS,2.4L 4,4,1C4NJDBB5DD******,CERT OF TITLE-SALVAGE,"141,703 A",ACTUAL,FRONT END,450 USD,0 USD,2256,CT - HARTFORD,0,N/A,N/A
https://www.copart.com/lot/46350836/salvage-2012-chevrolet-malibu-ls-ct-hartford,46350836,"5,171 USD",04/21/2026 03:00 pm GMT+1,2012,CHEV,MALIBU,2.4L 4,4,1G1ZA5EU8CF******,CERT OF TITLE - SALVAGE,"134,646 A",ACTUAL,FRONT END,450 USD,0 USD,2288,CT - HARTFORD,0,N/A,N/A
https://www.copart.com/lot/46332166/salvage-2025-toyota-camry-se-ct-hartford,46332166,"31,801 USD",04/21/2026 03:00 pm GMT+1,2025,TOYT,CAMRY,2.5L 4,4,4T1DBADKXSU******,CERT OF TITLE-SALVAGE,0 N,NOT ACTUAL,FRONT END,475 USD,0 USD,2068,CT - HARTFORD,0,N/A,N/A
https://www.copart.com/lot/46300736/2022-chevrolet-silverado-k2500-heavy-duty-lt-ct-hartford,46300736,"31,958 USD",04/21/2026 03:00 pm GMT+1,2022,CHEV,SILVERADO,6.6L 8,8,1GC2YNE72NF******,CERT OF TITLE-PARTS ONLY SALVA,0 N,NOT ACTUAL,BURN,125 USD,0 USD,822,CT - HARTFORD,0,N/A,N/A
https://www.copart.com/lot/46295766/salvage-2021-mazda-cx-5-touring-ct-hartford,46295766,"16,151 USD",04/21/2026 03:00 pm GMT+1,2021,MAZD,CX-5,2.5L 4,4,JM3KFBCM8M0******,CERT OF TITLE-SALVAGE,"53,143 A",ACTUAL,SIDE,"3,200 USD",0 USD,2501,CT - HARTFORD,0,N/A,N/A
https://www.copart.com/lot/46238756/salvage-2018-honda-civic-ex-ct-hartford,46238756,"12,739 USD",04/21/2026 03:00 pm GMT+1,2018,HOND,CIVIC,1.5L 4,4,SHHFK7H54JU******,CERT OF TITLE-SALVAGE,"113,730 A",ACTUAL,REAR END,"1,800 USD",0 USD,2313,CT - HARTFORD,0,N/A,N/A
https://www.copart.com/lot/46194136/salvage-2017-kia-sedona-lx-ct-hartford,46194136,"7,092 USD",04/21/2026 03:00 pm GMT+1,2017,KIA,SEDONA,3.3L 6,6,KNDMB5C10H6******,CERT OF TITLE-SALVAGE,"166,545 A",ACTUAL,REAR END,475 USD,0 USD,2294,CT - HARTFORD,0,N/A,N/A
https://www.copart.com/lot/46186146/salvage-2020-toyota-camry-se-ct-hartford,46186146,"20,933 USD",04/21/2026 03:00 pm GMT+1,2020,TOYT,CAMRY,2.5L 4,4,4T1G11BK2LU******,CERT OF TITLE-SALVAGE,"54,895 A",ACTUAL,FRONT END,475 USD,0 USD,135,CT - HARTFORD,0,N/A,N/A
https://www.copart.com/lot/46181206/salvage-2018-volvo-s60-platinum-ct-hartford,46181206,"19,180 USD",04/21/2026 03:00 pm GMT+1,2018,VOLV,S60,2.0L 4,4,LYV402TM9JB******,CERT OF TITLE-SALVAGE,"59,422 A",ACTUAL,FRONT END,"1,650 USD",0 USD,78,CT - HARTFORD,0,N/A,N/A
https://www.copart.com/lot/46133006/salvage-2007-lexus-es-350-base-ct-hartford,46133006,"8,385 USD",04/21/2026 03:00 pm GMT+1,2007,LEXS,ES 350,3.5L 6,6,JTHBJ46G572******,CERT OF TITLE-SALVAGE,"96,735 A",ACTUAL,FRONT END,500 USD,0 USD,2271,CT - HARTFORD,0,N/A,N/A
https://www.copart.com/lot/46093506/salvage-2018-chevrolet-trax-1lt-ct-hartford,46093506,"7,787 USD",04/21/2026 03:00 pm GMT+1,2018,CHEV,TRAX,1.4L 4,4,3GNCJPSB0JL******,CERT OF TITLE-SALVAGE,"128,001 A",ACTUAL,FRONT END,450 USD,0 USD,2036,CT - HARTFORD,0,N/A,N/A
https://www.copart.com/lot/46090556/salvage-2015-ford-f150-super-cab-ct-hartford,46090556,"15,107 USD",04/21/2026 03:00 pm GMT+1,2015,FORD,F150,5.0L 8,8,1FTFX1EFXFF******,CERT OF TITLE-SALVAGE,"128,516 A",ACTUAL,REAR END,475 USD,0 USD,48,CT - HARTFORD,0,N/A,N/A
https://www.copart.com/lot/46081916/salvage-2015-volkswagen-tiguan-s-ct-hartford,46081916,"5,473 USD",04/21/2026 03:00 pm GMT+1,2015,VOLK,TIGUAN,2.0L 4,4,WVGAV7AX5FW******,CERT OF TITLE-SALVAGE,"172,514 A",ACTUAL,FRONT END,475 USD,0 USD,167,CT - HARTFORD,0,N/A,N/A
https://www.copart.com/lot/45984766/clean-title-2022-toyota-highlander-hybrid-xle-ct-hartford,45984766,0 USD,04/21/2026 03:00 pm GMT+1,2022,TOYT,HIGHLANDER HYBRID,2.5L 4,4,5TDGARAH8NS******,CERTIFICATE OF TITLE,"323,954 A",ACTUAL,MINOR DENT/SCRATCHES,"13,200 USD",0 USD,50,CT - HARTFORD,0,N/A,N/A
https://www.copart.com/lot/45982066/salvage-2015-ford-f150-super-cab-ct-hartford,45982066,"9,866 USD",04/21/2026 03:00 pm GMT+1,2015,FORD,F150,,,1FTEX1C88FK******,SALVAGE CERTIFICATE OF TITLE,"190,688 A",ACTUAL,FRAME DAMAGE,475 USD,0 USD,2275,CT - HARTFORD,0,N/A,N/A
https://www.copart.com/lot/45981036/salvage-2007-ford-fusion-se-ct-hartford,45981036,"4,862 USD",04/21/2026 03:00 pm GMT+1,2007,FORD,FUSION,3.0L 6,6,3FAHP011X7R******,CERT OF TITLE-SALVAGE,"101,963 A",ACTUAL,REAR END,450 USD,0 USD,2071,CT - HARTFORD,0,N/A,N/A
https://www.copart.com/lot/45974026/salvage-2018-nissan-rogue-sl-ct-hartford,45974026,"11,706 USD",04/21/2026 03:00 pm GMT+1,2018,NISS,ROGUE,2.5L 4,4,5N1AT2MV4JC******,CERT OF TITLE-SALVAGE,"102,632 A",ACTUAL,FRONT END,"1,450 USD",0 USD,2274,CT - HARTFORD,0,N/A,N/A
https://www.copart.com/lot/45965996/salvage-2023-nissan-murano-sl-ct-hartford,45965996,"26,418 USD",04/21/2026 03:00 pm GMT+1,2023,NISS,MURANO,3.5L 6,6,5N1AZ2CS6PC******,CERT OF TITLE-SALVAGE,"24,292 A",ACTUAL,SIDE,"4,600 USD",0 USD,83,CT - HARTFORD,0,N/A,N/A
https://www.copart.com/lot/45949896/salvage-2008-bmw-x3-3-0si-ct-hartford,45949896,"3,347 USD",04/21/2026 03:00 pm GMT+1,2008,BMW,X3,3.0L 6,6,WBXPC93498W******,CERT OF TITLE-SALVAGE,"210,288 A",ACTUAL,REAR END,450 USD,0 USD,134,CT - HARTFORD,0,N/A,N/A
https://www.copart.com/lot/45946726/salvage-2019-gmc-yukon-ct-hartford,45946726,"31,816 USD",04/21/2026 03:00 pm GMT+1,2019,GMC,YUKON,,,1GKS2HKJ1KR******,CERT OF TITLE-SALVAGE,"109,570 A",ACTUAL,REAR END,"1,050 USD",0 USD,75,CT - HARTFORD,0,N/A,N/A
https://www.copart.com/lot/45940056/salvage-2023-kia-sportage-hybrid-ex-ct-hartford,45940056,"26,100 USD",04/21/2026 03:00 pm GMT+1,2023,KIA,SPORTAGE HYBRID,1.6L 4,4,KNDPVCAG2P7******,CERT OF TITLE-SALVAGE,"37,245 A",ACTUAL,SIDE,475 USD,0 USD,2504,CT - HARTFORD,0,N/A,N/A
https://www.copart.com/lot/45854456/salvage-2020-toyota-corolla-le-ct-hartford,45854456,"19,069 USD",04/21/2026 03:00 pm GMT+1,2020,TOYT,COROLLA,1.8L 4,4,5YFEPRAE1LP******,CERT OF TITLE-SALVAGE,"8,790 A",ACTUAL,FRONT END,"2,500 USD",0 USD,2015,CT - HARTFORD,0,N/A,N/A
https://www.copart.com/lot/45844486/salvage-2013-dodge-avenger-sxt-ct-hartford,45844486,"6,752 USD",04/21/2026 03:00 pm GMT+1,2013,DODG,AVENGER,2.4L 4,4,1C3CDZCB1DN******,CERT OF TITLE-SALVAGE,"102,459 N",NOT ACTUAL,UNDERCARRIAGE,450 USD,0 USD,2293,CT - HARTFORD,0,N/A,N/A
https://www.copart.com/lot/45842996/clean-title-2009-infiniti-g37-coupe-x-ct-hartford,45842996,0 USD,04/21/2026 03:00 pm GMT+1,2009,INFI,G37 COUPE,3.7L 6,6,JNKCV64F99M******,CERTIFICATE OF TITLE,0 E,EXEMPT,NORMAL WEAR,500 USD,0 USD,2063,CT - HARTFORD,0,N/A,N/A
https://www.copart.com/lot/45842336/clean-title-2011-volkswagen-cc-sport-ct-hartford,45842336,0 USD,04/21/2026 03:00 pm GMT+1,2011,VOLK,CC,2.0L 4,4,WVWMP7AN9BE******,CERTIFICATE OF TITLE,"121,127 A",ACTUAL,UNDERCARRIAGE,0 USD,0 USD,2026,CT - HARTFORD,0,N/A,N/A
https://www.copart.com/lot/45774106/salvage-2021-toyota-corolla-le-ct-hartford,45774106,"14,093 USD",04/21/2026 03:00 pm GMT+1,2021,TOYT,COROLLA,1.8L 4,4,5YFEPMAE3MP******,CERT OF TITLE-SALVAGE,"102,697 A",ACTUAL,REAR END,"3,050 USD",0 USD,2291,CT - HARTFORD,0,N/A,N/A
https://www.copart.com/lot/45756836/salvage-2004-lexus-rx-330-base-ct-hartford,45756836,"4,406 USD",04/21/2026 03:00 pm GMT+1,2004,LEXS,RX 330,3.3L 6,6,JTJHA31UX40******,CERT OF TITLE-SALVAGE COLLISIO,"243,692 A",ACTUAL,FRONT END,525 USD,0 USD,180,CT - HARTFORD,0,N/A,N/A
https://www.copart.com/lot/45754486/salvage-2015-ford-f150-supercrew-ct-hartford,45754486,"14,749 USD",04/21/2026 03:00 pm GMT+1,2015,FORD,F150,3.5L 6,6,1FTEW1CG4FF******,CERT OF TITLE-SALVAGE,"134,301 A",ACTUAL,FRONT END,625 USD,0 USD,2281,CT - HARTFORD,0,N/A,N/A
https://www.copart.com/lot/45730486/salvage-2014-toyota-corolla-s-plus-ct-hartford,45730486,"6,448 USD",04/21/2026 03:00 pm GMT+1,2014,TOYT,COROLLA,1.8L 4,4,2T1BURHE4EC******,CERT OF TITLE-SALVAGE,"206,143 A",ACTUAL,REAR END,750 USD,0 USD,82,CT - HARTFORD,0,N/A,N/A
https://www.copart.com/lot/45728376/salvage-2025-ford-bronco-sport-big-bend-ct-hartford,45728376,"29,735 USD",04/21/2026 03:00 pm GMT+1,2025,FORD,BRONCO SPORT,1.5L 3,3,3FMCR9BN0SR******,CERT OF TITLE-SALVAGE,"8,699 A",ACTUAL,REAR END,"4,200 USD",0 USD,158,CT - HARTFORD,0,N/A,N/A
https://www.copart.com/lot/45722086/salvage-2018-hyundai-elantra-value-edition-ct-hartford,45722086,"7,469 USD",04/21/2026 03:00 pm GMT+1,2018,HYUN,ELANTRA,2.0L 4,4,5NPD84LF3JH******,CERT OF TITLE-SALVAGE,"129,957 A",ACTUAL,FRONT END,475 USD,0 USD,128,CT - HARTFORD,0,N/A,N/A
https://www.copart.com/lot/45682606/salvage-2015-mercedes-benz-gl-450-4matic-ct-hartford,45682606,"13,016 USD",04/21/2026 03:00 pm GMT+1,2015,MERZ,GL,3.0L 6,6,4JGDF6EE2FA******,CERT OF TITLE-SALVAGE,"108,634 A",ACTUAL,FRONT END,"1,550 USD",0 USD,2019,CT - HARTFORD,0,N/A,N/A
https://www.copart.com/lot/45642156/salvage-2023-ford-explorer-xlt-ct-hartford,45642156,"28,585 USD",04/21/2026 03:00 pm GMT+1,2023,FORD,EXPLORER,2.3L 4,4,1FMSK8DH1PG******,CERT OF TITLE-SALVAGE,"39,537 A",ACTUAL,FRONT END,"4,800 USD",0 USD,149,CT - HARTFORD,0,N/A,N/A
https://www.copart.com/lot/45631096/clean-title-2014-bmw-528-xi-ct-hartford,45631096,"1,200 USD",04/21/2026 03:00 pm GMT+1,2014,BMW,528,2.0L 4,4,WBA5A7C52ED******,CERTIFICATE OF TITLE,"181,275 A",ACTUAL,MECHANICAL,450 USD,0 USD,69,CT - HARTFORD,0,N/A,N/A
https://www.copart.com/lot/45607396/salvage-2016-kia-soul-base-ct-hartford,45607396,"8,416 USD",04/21/2026 03:00 pm GMT+1,2016,KIA,SOUL,1.6L 4,4,KNDJN2A24G7******,CERT OF TITLE-SALVAGE,"106,709 A",ACTUAL,FRONT END,450 USD,0 USD,2511,CT - HARTFORD,0,N/A,N/A
https://www.copart.com/lot/45587596/salvage-2019-chevrolet-silverado-k1500-custom-ct-hartford,45587596,"21,673 USD",04/21/2026 03:00 pm GMT+1,2019,CHEV,SILVERADO,5.3L 8,8,1GCRYBEF8KZ******,CERT OF TITLE-SALVAGE,"109,312 A",ACTUAL,FRONT END,"3,000 USD",0 USD,109,CT - HARTFORD,0,N/A,N/A
https://www.copart.com/lot/45561906/clean-title-2014-chevrolet-silverado-k1500-lt-ct-hartford,45561906,"8,000 USD",04/21/2026 03:00 pm GMT+1,2014,CHEV,SILVERADO,4.3L 6,6,1GCVKREHXEZ******,CERTIFICATE OF TITLE,"196,633 A",ACTUAL,SIDE,450 USD,0 USD,2512,CT - HARTFORD,0,N/A,N/A
https://www.copart.com/lot/45546176/salvage-2021-mazda-cx-5-touring-ct-hartford,45546176,"19,846 USD",04/21/2026 03:00 pm GMT+1,2021,MAZD,CX-5,2.5L 4,4,JM3KFBCM2M0******,CERT OF TITLE-SALVAGE,"44,502 A",ACTUAL,REAR END,475 USD,0 USD,77,CT - HARTFORD,0,N/A,N/A
https://www.copart.com/lot/45495836/salvage-2019-buick-lacrosse-essence-ct-hartford,45495836,"15,729 USD",04/21/2026 03:00 pm GMT+1,2019,BUIC,LACROSSE,3.6L 6,6,1G4ZR5SS9KU******,CERT OF TITLE-SALVAGE,"126,136 A",ACTUAL,FRONT END,925 USD,0 USD,2003,CT - HARTFORD,0,N/A,N/A
https://www.copart.com/lot/45446946/salvage-2011-honda-accord-exl-ct-hartford,45446946,"6,516 USD",04/21/2026 03:00 pm GMT+1,2011,HOND,ACCORD,3.5L 6,6,1HGCS2B88BA******,CERT OF TITLE-SALVAGE,"173,851 A",ACTUAL,SIDE,525 USD,0 USD,196,CT - HARTFORD,0,N/A,N/A
https://www.copart.com/lot/42078586/salvage-2010-nissan-sentra-2-0-ct-hartford,42078586,"4,518 USD",04/21/2026 03:00 pm GMT+1,2010,NISS,SENTRA,2.0L 4,4,3N1AB6AP7AL******,CERT OF TITLE-SALVAGE,"146,422 A",ACTUAL,FRONT END,450 USD,0 USD,2286,CT - HARTFORD,0,N/A,N/A
https://www.copart.com/lot/42076996/salvage-2021-chevrolet-trailblazer-lt-ct-hartford,42076996,"16,733 USD",04/21/2026 03:00 pm GMT+1,2021,CHEV,TRAILBLAZER,1.3L 3,3,KL79MRSL0MB******,CERT OF TITLE-SALVAGE,"81,127 A",ACTUAL,SIDE,475 USD,0 USD,2014,CT - HARTFORD,0,N/A,N/A
https://www.copart.com/lot/42067446/salvage-2018-mercedes-benz-gls-450-4matic-ct-hartford,42067446,"16,467 USD",04/21/2026 03:00 pm GMT+1,2018,MERZ,GLS,3.0L 6,6,4JGDF6EE6JB******,CERT OF TITLE-SALVAGE,"109,018 A",ACTUAL,REAR END,"2,600 USD",0 USD,74,CT - HARTFORD,0,N/A,N/A
https://www.copart.com/lot/42060806/salvage-2013-bmw-x5-xdrive35i-ct-hartford,42060806,"7,624 USD",04/21/2026 03:00 pm GMT+1,2013,BMW,X5,3.0L 6,6,5UXZV4C54D0******,CERT OF TITLE-SALVAGE,"102,899 A",ACTUAL,FRONT END,450 USD,0 USD,2087,CT - HARTFORD,0,N/A,N/A
https://www.copart.com/lot/42060596/salvage-2025-kia-k5-gt-line-ct-hartford,42060596,"27,741 USD",04/21/2026 03:00 pm GMT+1,2025,KIA,K5,2.5L 4,4,KNAG64J79S5******,CERT OF TITLE-SALVAGE,"29,074 A",ACTUAL,SIDE,"1,200 USD",0 USD,114,CT - HARTFORD,0,N/A,N/A
https://www.copart.com/lot/41992646/salvage-2020-nissan-altima-2-5-s-ct-hartford,41992646,"15,440 USD",04/21/2026 03:00 pm GMT+1,2020,NISS,ALTIMA,2.5L 4,4,1N4BL4BV1LC******,CERT OF TITLE-SALVAGE,0 N,NOT ACTUAL,FRONT END,450 USD,0 USD,2008,CT - HARTFORD,0,N/A,N/A
https://www.copart.com/lot/41986396/salvage-2014-ram-1500-st-ct-hartford,41986396,"8,969 USD",04/21/2026 03:00 pm GMT+1,2014,RAM,1500,5.7L 8,8,1C6RR7FT1ES******,CERT OF TITLE-SALVAGE,"167,827 A",ACTUAL,FRONT END,"1,450 USD",0 USD,2021,CT - HARTFORD,0,N/A,N/A
https://www.copart.com/lot/41985666/salvage-2005-lexus-rx-330-base-ct-hartford,41985666,"5,021 USD",04/21/2026 03:00 pm GMT+1,2005,LEXS,RX 330,3.3L 6,6,2T2HA31U65C******,CERT OF TITLE-SALVAGE,0 E,EXEMPT,FRONT END,450 USD,0 USD,2066,CT - HARTFORD,0,N/A,N/A
https://www.copart.com/lot/41942066/salvage-2008-mazda-cx-7-ct-hartford,41942066,"5,401 USD",04/21/2026 03:00 pm GMT+1,2008,MAZD,CX-7,2.3L 4,4,JM3ER29L480******,CERT OF TITLE-SALVAGE,"145,637 A",ACTUAL,FRONT END,450 USD,0 USD,2045,CT - HARTFORD,0,N/A,N/A
https://www.copart.com/lot/41912526/salvage-2011-gmc-terrain-sle-ct-hartford,41912526,"5,586 USD",04/21/2026 03:00 pm GMT+1,2011,GMC,TERRAIN,3.0L 6,6,2CTFLTE59B6******,CERT OF TITLE-SALVAGE,"162,153 A",ACTUAL,FRONT END,450 USD,0 USD,2516,CT - HARTFORD,0,N/A,N/A
https://www.copart.com/lot/41907006/salvage-2012-bmw-535-i-ct-hartford,41907006,"3,454 USD",04/21/2026 03:00 pm GMT+1,2012,BMW,535,3.0L 6,6,WBAFR7C52CC******,CERT OF SALVAGE > 75% DAMAGE,0 N,NOT ACTUAL,FRONT END,450 USD,0 USD,2040,CT - HARTFORD,0,N/A,N/A
https://www.copart.com/lot/41823006/salvage-2021-jeep-grand-cherokee-laredo-ct-hartford,41823006,"21,623 USD",04/21/2026 03:00 pm GMT+1,2021,JEP,GRAND CHEROKEE,3.6L 6,6,1C4RJFAG2MC******,CERT OF TITLE-SALVAGE,"91,789 A",ACTUAL,REAR END,525 USD,0 USD,111,CT - HARTFORD,0,N/A,N/A
https://www.copart.com/lot/41761156/salvage-2012-jeep-grand-cherokee-laredo-ct-hartford,41761156,"6,159 USD",04/21/2026 03:00 pm GMT+1,2012,JEP,GRAND CHEROKEE,3.6L 6,6,1C4RJFAGXCC******,CERT OF TITLE-SALVAGE,"166,484 A",ACTUAL,FRONT END,450 USD,0 USD,2323,CT - HARTFORD,0,N/A,N/A
https://www.copart.com/lot/41748066/salvage-2024-kia-seltos-s-ct-hartford,41748066,"21,271 USD",04/21/2026 03:00 pm GMT+1,2024,KIA,SELTOS,2.0L 4,4,KNDEUCAAXR7******,CERT OF TITLE-SALVAGE,"39,748 A",ACTUAL,FRONT END,525 USD,0 USD,165,CT - HARTFORD,0,N/A,N/A
https://www.copart.com/lot/41693546/salvage-2019-honda-cr-v-exl-ct-hartford,41693546,"20,429 USD",04/21/2026 03:00 pm GMT+1,2019,HOND,CR-V,1.5L 4,4,2HKRW2H82KH******,CERT OF TITLE-SALVAGE,"97,590 A",ACTUAL,REAR END,"3,650 USD",0 USD,94,CT - HARTFORD,0,N/A,N/A
https://www.copart.com/lot/41691666/salvage-2022-mitsubishi-outlander-se-ct-hartford,41691666,"21,733 USD",04/21/2026 03:00 pm GMT+1,2022,MITS,OUTLANDER,2.5L 4,4,JA4J4UA89NZ******,CERT OF TITLE-SALVAGE,"59,514 A",ACTUAL,SIDE,"7,100 USD",0 USD,84,CT - HARTFORD,0,N/A,N/A